bounds_fid,city_label,country,green_corr,trees_corr,n_nodes,mean_density,mean_green_dist,mean_trees_dist
0,,,0.10451501548178593,-0.17652853342505873,38409,1933.2950155261146,86.483406,188.2006
1,,,0.40672250788283143,-0.21048385290976232,26837,1714.234459509274,83.304,385.14514
2,,,0.47521005304036346,-0.45190770092637905,47964,2075.394544166688,95.89927,183.96544
3,,,0.2900487592231443,-0.34318971923822483,27989,1751.2062764359907,63.435818,189.64256
4,Tampere,FI,0.26788795437222834,-0.3578268465601506,74846,1963.4961437848099,93.43161,197.4839
5,Lahti,FI,0.3022726910661791,-0.3500571540282538,20885,1711.3277915394895,64.063515,183.75082
6,Turku,FI,0.26481456711066303,-0.390824125616337,53857,2034.0831540052448,85.10576,166.35716
7,Helsinki,FI,0.2226112430987647,-0.20981555892291456,258790,3022.6263277226894,87.89941,238.77245
8,Narva linn,EE,0.3293194278257027,-0.26876690267474407,7188,4476.170405510467,184.95819,98.82565
9,Sørås,NO,0.41074037595991847,-0.33312198516468977,50788,2191.4350639390286,108.87225,218.05377
10,Tallinn,EE,0.2746886981381156,-0.273913344822164,69067,4339.64110754524,146.60634,138.44786
11,Hällen,SE,0.30062095180175885,-0.3633089643318762,35508,2781.3640382328535,70.74362,163.98126
12,Langhus,NO,0.48922597621481156,-0.4508552389669244,182409,2956.0216803091425,153.4314,197.23476
13,Västerås,SE,0.384027427069211,-0.30037311087711904,27460,2076.190042526564,113.125404,213.17511
14,Rönninge By,SE,0.364273026538866,-0.5060203887454922,17799,1630.2332915540328,67.55614,242.29654
15,Sjöberg,SE,0.28714341751887207,-0.2332043507274584,228925,3884.647784395373,94.787285,183.38097
16,Geber,SE,0.4159654431686236,-0.30703412115447704,29937,2111.007904159365,102.35737,257.0716
17,Torsjödal,SE,0.21521963417168524,-0.425886968675867,15206,2073.3125510218033,88.395226,197.19019
18,Tartu linn,EE,0.21168861660492352,-0.30032804518048767,20753,2635.3398818876285,109.363945,213.55643
19,Venan,SE,0.2771254998291247,-0.2284437957402091,28914,2308.3593655566197,98.46484,170.45416
20,Stokka,NO,0.3066281423452961,-0.34055797718383,57118,2013.520949933245,98.97194,144.94147
21,Lundsbacken,SE,0.3421798521655445,-0.33814783550794963,20431,2409.8509616780552,104.644,259.9267
22,Linköping,SE,0.19862306973792898,-0.49582506118233777,35767,2221.7751400401557,98.46617,214.21716
23,Huskvarna,SE,0.3063604585004951,-0.2718304394359979,20389,1812.553830412465,92.30845,177.42955
24,Borås,SE,0.503755007249009,-0.43323122542548753,15723,1617.7884591934858,74.119934,213.46034
25,Latgales apkaime,LV,0.26629282587470265,-0.31286616825906166,99840,4084.2463465026244,150.47758,131.07045
26,Partille,SE,0.19247497770331065,-0.3682675014638892,113451,2972.1161788319555,83.322845,197.32283
27,Søholt,DK,0.09017669714810694,-0.35974485836684933,27978,1640.0219034951808,128.61888,159.20688
28,Liepāja,LV,0.2465579909249248,-0.22469857820716366,9779,2725.4278362991963,171.23256,113.59864
29,Centrs,LV,0.4964317683377673,-0.44789118287188107,15761,2363.265477721317,158.19438,193.81473
31,Panevėžys,LT,0.1758835239358136,-0.2387235242347221,13960,2920.8057211753494,141.94911,133.14476
32,Klaipėda,LT,0.07721541659677963,-0.5391457343574211,19997,3438.1217323888613,186.6455,225.69835
33,Rætebøl,DK,0.24865367601319166,-0.26109429214860763,50468,2629.1456508162983,154.49864,137.9391
34,Filborna,SE,0.07145265929966148,-0.3639070892211254,24706,2657.682966420801,134.25525,114.713776
35,Vallkärra by,SE,0.05095522714768816,-0.24763189004371072,23089,2828.2343507557507,78.3861,218.61229
36,Kaunas,LT,0.1561425739621986,-0.1991945776573945,42601,3506.8923650117817,182.73367,117.3864
37,Vilnius,LT,0.34717916473827953,-0.19488714792521347,75727,4882.514632532811,117.3843,195.30261
38,Malmö,SE,0.08299708244476281,-0.26913028594436283,46555,4127.677922512045,144.37953,284.27264
39,Klampenborg,DK,0.2197574230607616,-0.21268062320808062,196232,4021.3168119827146,208.59904,162.43542
40,Agedrup,DK,0.24898627643575974,-0.2864702781502973,40716,1871.2916391325655,138.37233,155.41132
41,Gdynia,PL,0.3712272454898866,-0.4295326967884553,36370,3598.8731754443597,150.47339,236.75714
42,Jürgensby,DE,0.2277842810774813,-0.39593241350066594,18940,2322.917046147326,147.60918,133.54132
43,Suwałki,PL,0.39675330467641584,-0.2835171577712064,11852,2994.741605378125,89.426834,277.53717
44,Cathair na Gaillimhe,IE,0.16821375096278265,-0.0309297359052136,13164,2182.462256965851,78.61594,136.7947
45,Słupsk,PL,0.40597119548137106,-0.3321068691377577,17354,3994.962019231631,155.0315,102.90298
46,Gdańsk,PL,0.29872544111143523,-0.3295039574052207,96480,4048.5427297883502,89.151924,161.49818
47,Elbląg,PL,0.5244987525953055,-0.2838428225216677,15181,4051.1186912791563,116.60195,157.11552
48,Fingal,IE,0.14260965829487462,-0.14829883716129894,20763,2977.389192257502,115.639336,111.09486
49,Ełk,PL,0.536112803857371,-0.18343927745950062,10371,3585.4187791946647,113.02256,257.9404
50,Koszalin,PL,0.35005672519646613,-0.45707544919383836,16572,3347.083914744149,69.092064,205.1292
51,Dublin,IE,0.23447245840929787,-0.13966018196325466,166887,3265.81492429711,126.125015,105.57859
52,Schrevenborn,DE,0.3306988586650347,-0.20049185577044126,41581,2809.2649720465624,105.89958,116.74767
53,Olsztyn,PL,0.36776022143847314,-0.4435125328299126,25438,3565.275509558076,100.426704,207.90033
54,Ortsbeirat 6 : Evershagen,DE,0.04951106787889287,-0.3655083057406139,15516,3057.312325085275,156.20679,167.98447
55,Ortsbeirat 14 : Stadtmitte,DE,0.4595479843625054,-0.12068275226232254,21454,3037.984349658085,142.50728,128.16158
56,Limerick,IE,0.44566458018555744,-0.0284805940300077,17041,1918.1676917686216,128.30476,130.04921
57,Bönebüttel,DE,0.37476729284637805,-0.3694595800583601,13300,1569.1560300095962,130.24843,155.36906
58,Sankt Gertrud,DE,0.3623660333627982,-0.4404684089221841,35503,2408.4106311537885,164.28867,205.65227
59,Białystok,PL,0.4724537078973714,-0.2636693461575389,50584,3767.333095353705,115.66007,150.78636
60,Grudziądz,PL,0.3405420054899594,-0.3450005501097489,14086,2690.7550967966795,69.22309,173.6787
61,Łomża,PL,0.3593999402004725,-0.3440441734738902,9852,3338.0341080314906,116.28372,214.6671
62,Elmshorn,DE,0.31983352807681437,-0.4323618110919091,11132,2156.0390423791528,111.23996,131.01048
63,Stadtbezirk Bremerhaven-Nord,DE,0.27399261234757105,-0.4374344862098498,23565,2149.701361661642,117.32685,187.98613
64,Szczecin,PL,0.3660993823543321,-0.3156545856725918,49013,4077.459985510255,122.29364,142.1066
65,Hamburg-Mitte,DE,0.19803315091244228,-0.3263993746750715,263091,3506.5233165313275,156.13083,125.794205
66,Harburg,DE,0.4983530642786952,-0.5983970234048007,13074,2000.0192852804091,123.63315,239.52065
67,Harburg,DE,0.20525354771840218,-0.52395708645546,20253,2691.1792742403954,145.3413,178.2146
68,Bydgoszcz,PL,0.33530827847881967,-0.37992594142141267,11957,3779.991193848925,71.076004,243.44171
69,Bydgoszcz,PL,0.36410503494986696,-0.46783031977306233,43065,4017.948987259325,123.2118,246.84352
70,Piła,PL,0.4448687066823184,-0.4195501540814768,12451,2712.2678493777835,120.135956,163.09657
71,Toruń,PL,0.22281720421598575,-0.46491987285786307,47587,3419.862849664616,114.62593,171.4121
72,Cork,IE,0.38335592255485296,-0.13519460279922077,30641,2291.348912697181,127.00684,135.5158
73,Leeuwarden,NL,0.23052485524163335,-0.2644548660249988,20313,2749.9821801447724,113.622536,112.13986
74,Lüneburg,DE,0.18984189494496712,-0.43852171510822324,17438,1807.9873593050715,130.967,141.45074
75,Groningen,NL,0.23803150154894068,-0.29009578761288024,32273,3424.5854054914234,90.250374,122.391464
76,Stadtgebiet Bremen,DE,0.4057356424116176,-0.33840679429935155,18619,1712.125759652735,165.95554,139.84448
77,Wardenburg,DE,0.4543753246650938,-0.2501524327412799,36075,2074.197613872387,155.86105,122.76535
78,Inowrocław,PL,0.4609745285659979,-0.34629834648659746,8110,3012.53233338563,98.8359,114.086815
79,Stadtgebiet Bremen,DE,0.24745835025330665,-0.30891877281739055,74536,2962.789828944994,167.94418,129.14459
80,Assen,NL,0.5841618447524007,-0.2590807933128893,20962,1847.2333231641057,131.81828,190.36037
81,Hasbergen,DE,0.4315626404242259,-0.313572835864819,16052,1631.214388115992,136.32878,139.70667
82,Włocławek,PL,0.6295614560758804,-0.48648128881090547,12013,3277.8506718813205,119.5014,242.81137
83,Płock,PL,0.03790951374742829,-0.27770918012492635,11687,4782.390611140235,104.33537,204.63109
84,Legionowo,PL,0.4869414644573973,-0.5099017178439362,15704,2433.7080033391157,120.47353,211.13326
85,Wołomin,PL,0.6163813238714394,-0.40731574285295213,12472,1954.982743017669,134.80748,325.06262
86,Gorzów Wielkopolski,PL,0.3113199499291271,-0.32849952129172627,18370,3243.320362163052,86.33244,119.7301
87,Warszawa,PL,0.05883504082885016,-0.2232975950762136,17861,3677.377858151624,111.47576,174.55937
88,Siedlce,PL,0.3784610839108079,-0.22549691944351075,10570,2943.730483700095,127.63988,369.72546
89,Heerhugowaard,NL,0.26949793260754856,-0.13256299320313114,18439,2385.4631321455718,79.18941,169.23526
90,Hoorn,NL,0.08048119329612843,-0.32593484563408326,16645,3006.0742875421656,124.203575,142.30605
91,Alkmaar,NL,0.19610867449783026,-0.19710551260742668,21705,3029.8684444124833,93.78736,140.3561
92,Warszawa,PL,0.34339405518707367,-0.18301092506832348,324052,5460.741653819891,154.96239,216.04286
93,Purmerend,NL,0.4352890019919551,-0.2321530584633148,15613,3572.948627748604,107.921745,127.7918
94,Heemskerk,NL,0.41717085273118326,-0.3231749595491535,23394,2826.9370703755476,114.34639,268.38382
95,Lelystad,NL,0.35286334984234236,-0.2828716086466549,18897,2584.7468410627757,75.41549,96.7707
96,Zwolle,NL,0.26351470382200803,-0.2097930927721148,28180,2853.4148034348777,86.39014,126.712135
97,Poznań,PL,0.3160503994720668,-0.3049406451378578,107513,3670.286566518315,120.03104,153.93204
98,Haarlem,NL,0.46884057196186657,-0.18057383539663271,35929,3509.228074980297,91.286705,171.6999
99,Almere,NL,0.2778549648487853,-0.36725979122875513,44338,3144.720651469368,81.55144,182.28522
100,Mitte,DE,0.2954285486757971,-0.28279083787783815,396237,4992.314030843264,143.41951,162.99734
101,Hoofddorp,NL,0.3788417448453202,-0.22987919245280417,22082,2877.6264517617105,113.00713,221.23381
102,"Innenstadt, Frankfurt (Oder)",DE,0.4172645937215982,-0.026734468351439913,11177,2486.9155068795894,157.12964,213.32643
103,Steglitz-Zehlendorf,DE,0.5201607385677998,-0.3746413502930962,35209,2494.9324092518063,91.5408,177.34299
104,Wolfsburg,DE,0.1296912988578845,-0.4902839305062778,23664,1634.2049487437096,153.9009,258.13916
105,Amsterdam,NL,0.2145113489233654,-0.24136512886328743,181147,4448.006028417475,114.94793,176.0268
106,Almelo,NL,0.4142123622755333,-0.23190530703893966,15489,2125.61545551866,124.822525,208.10823
107,Deventer,NL,0.3228864794374457,-0.27893422622693126,16087,2474.414933631775,115.717766,178.51082
108,Hilversum,NL,0.6543246916927337,-0.5167826301477821,20141,2209.3678394773324,98.378136,244.10501
109,Hannover,DE,0.3090379990195547,-0.28011393115069877,101587,2846.557866883537,141.88548,152.24393
110,Hengelo,NL,0.4167619183630326,-0.3085503296662942,23845,2075.7486522886034,137.06111,194.2603
111,Lotte,DE,0.3017371181228445,-0.4345585051778549,32261,2017.1143302899277,154.91425,181.5117
112,Soest,NL,0.5964249872760786,-0.6893491020431787,14870,1591.2252027427146,67.55189,268.19608
113,Apeldoorn,NL,0.4798027632846196,-0.3766249845146642,31240,2576.221475306235,97.13748,170.79202
114,Leiden,NL,0.2990124453010863,-0.18530137766799967,58407,3753.6401832385072,122.059105,105.451454
115,Alphen aan den Rijn,NL,0.24675083901337194,-0.3226798158086967,14781,3572.114965071943,107.16216,150.25206
116,Amersfoort,NL,0.28382710748436485,-0.1690725785607533,30051,3241.5030705110935,168.64005,166.66582
117,Enschede,NL,0.49973041884229336,-0.056508348602921234,27627,2888.042314899189,138.32,153.93423
118,Mitte,DE,0.3127606861222371,-0.3631402399184047,36353,2742.4719903882183,133.34042,148.3329
119,Zoetermeer,NL,0.36013502752809357,-0.3393959238129067,28441,3811.4547967960343,94.75504,129.035
120,Utrecht,NL,0.28805629955663686,-0.14731619444892977,58070,4735.93580309181,140.8083,128.22778
121,Hildesheim,DE,0.29757794203975635,-0.39440884704916995,17632,2217.5196151159985,126.32018,183.50693
122,Gouda,NL,0.17853205148760695,-0.42299029392287996,13309,3642.980294298745,188.00342,238.87366
123,Den Haag,NL,0.28256359462212455,-0.25178387307704136,102944,5013.808699214527,137.37408,109.648796
124,Berkel en Rodenrijs,NL,0.2752573712214649,-0.20817191769573287,24616,2610.49428178301,121.886314,197.56313
125,Magdeburg,DE,0.21736880506600664,-0.27053224193805364,36991,2732.620155864893,105.56146,118.62316
126,Nieuwegein,NL,0.43554724776902565,-0.2823306949595962,30777,3315.467337762665,128.10437,152.1
127,Veenendaal,NL,0.5557657790750952,-0.5789500268909619,14439,2502.7645879826478,115.8267,212.9087
128,Łódź,PL,0.4022228350985712,-0.30666655947840255,109988,4877.680652923589,148.88258,109.752716
129,Ede,NL,0.5265672132659449,-0.4693565703606068,20871,2310.227262211592,161.91989,190.48045
130,Zielona Góra,PL,0.5194808261989561,-0.5161627602545391,30163,3042.922324181354,104.16184,177.16978
131,Kalisz,PL,0.4552202644628794,-0.33780922154999227,11134,3850.307397301601,123.59846,129.62799
132,Pabianice,PL,0.47951179652922454,-0.4399208062983135,9585,2802.7769122707477,125.41115,161.50768
133,,,0.504180653425819,-0.0009541320656253729,4649,2889.850970622787,188.50134,219.6245
134,Ridderkerk,NL,0.4080693138236567,-0.06594706474838014,4273,3443.3772625926663,188.99504,191.245
135,Heepen,DE,0.27458886115063674,-0.2978592902514942,50369,2306.9219009634558,126.79914,148.68506
136,Arnhem,NL,0.38182804072854326,-0.3607103456738706,54710,2569.907543310207,107.58702,184.32744
137,Ridderkerk,NL,0.36193424870799173,-0.2236258338728368,22348,3050.7602331778985,159.9259,156.51326
138,Rotterdam,NL,0.21465758533159007,-0.2803199544082276,168012,4198.068915109823,145.37514,110.595604
139,Spijkenisse,NL,-0.04211804525718244,-0.4858408172886712,31316,2755.7303434212627,183.09123,191.42075
140,Münster-Mitte,DE,0.3215963644626169,-0.35229211765479795,37622,2732.099422141728,134.59416,162.47572
141,Zwijndrecht,NL,0.2856664425009218,-0.34797125123466277,46855,3387.992403907387,118.68044,137.81355
142,Radom,PL,0.344344169357251,-0.2820373738446342,37136,3470.2696158603267,116.150154,209.61684
143,Chełm,PL,0.4252844993091666,-0.4545545025803062,12871,2127.047534747257,107.87959,165.98344
145,Ostrów Wielkopolski,PL,0.4738844171508621,-0.4728844410216596,12401,2130.9257019316933,130.0348,150.93736
146,Nijmegen,NL,0.41885681434739036,-0.42181860368632407,36389,2833.4228648502894,111.254684,132.53262
147,Lublin,PL,0.17673522096814884,-0.3849698190652461,55346,4179.986069686705,110.66203,110.99135
148,Bocholt,DE,0.2478111817027811,-0.3773589981352729,13957,1968.0596167627614,106.918335,133.09546
149,Oss,NL,0.34576888135621553,-0.39599310233752427,15516,2558.2365895312237,151.44441,126.257965
150,Schmellwitz,DE,0.47697750822288504,-0.24601535494901922,24446,2093.7736637310604,148.12141,111.79191
151,Piotrków Trybunalski,PL,0.5621326416642589,-0.2819340540304222,11027,3099.4401495402412,217.45787,175.24101
152,Głogów,PL,0.3994650048562493,-0.4183356783454912,8549,3854.9310567388166,94.839,182.20172
153,'s-Hertogenbosch,NL,0.2999407167561883,-0.30761298963989664,34926,2616.185014687652,94.554855,191.69377
154,Paderborn,DE,0.34674824107148444,-0.34301403243476464,24262,2395.4503795420023,174.92099,244.48752
155,Breda,NL,0.31364923469681516,-0.3522710018328388,30926,2863.813667572816,134.34895,134.26202
156,Marl,DE,0.34458647534476144,-0.567185163667318,18907,1443.4296865703925,120.47356,285.46298
157,Uentrop,DE,0.3368097499287772,-0.39927650254325137,30061,1840.2734714407509,128.57495,201.02045
158,Roosendaal,NL,0.3178897613393211,-0.3640606556891726,12885,2418.592404262465,150.24588,118.9856
159,Tilburg,NL,0.39094903649341667,-0.31243815895556737,42398,3177.4350116026667,125.30046,133.86592
160,Bergen op Zoom,NL,0.41475779096848303,-0.45379142933595823,13394,2172.19939342432,94.8955,219.27823
161,Lünen,DE,0.39521109465789983,-0.16997203983375278,28036,1727.491950206901,107.460655,204.20721
162,Lubin,PL,0.3767740324775484,-0.2684073251958467,11998,3102.0292278412985,73.4433,176.04083
163,Brackel,DE,0.32282902833503174,-0.37886962104339816,22578,1688.2572460844513,152.20764,220.1163
164,Helmond,NL,0.44751919389365163,-0.3955974809759123,26038,1910.1075956335856,101.46069,237.86205
165,Göttingen,DE,0.46170413402178995,-0.6049693375822138,36750,2133.454749024218,100.52602,219.12442
166,Meiderich/Beeck,DE,-0.05724873258076028,-0.2948350843420255,3894,3978.4379632781097,181.20085,202.85641
167,Eindhoven,NL,0.3286631552136982,-0.2366799607283776,66927,2824.8829328289194,188.25711,159.48227
168,Neustadt,DE,0.3149777941825631,-0.24627893219590608,34690,2917.2937741748046,102.06449,248.26947
169,Moers,DE,0.22178257482263827,-0.2965089746567224,48579,2697.60621094517,164.82356,170.25116
170,Innenstadt West,DE,0.27907701016536934,-0.27643521869453236,571167,2735.5451155516466,127.56069,133.1224
171,Oostende,BE,0.27411702810409067,-0.27750233762511395,14811,3084.9421625173227,158.59927,179.58755
172,Antwerpen,BE,0.2729105389006903,-0.22841812720374902,11614,2034.0237668652774,224.17393,205.60596
173,Venlo,NL,0.28488101323367,-0.4480273488134524,20778,2094.874117440367,135.81218,206.40251
174,Duisburg-Mitte,DE,0.39787987098122696,-0.2983295807514405,32438,2735.2165205156743,140.81467,173.07344
175,Iserlohn,DE,0.5499937376940175,-0.4976677553872907,17334,1851.1050744653212,96.62399,266.19412
176,Brugge,BE,0.4017531883951433,-0.3712584810552516,23260,1815.3532671182995,106.42399,149.23294
177,Hagen-Mitte,DE,0.3617417692485069,-0.42271264309379947,39998,2129.7921676378837,99.91445,183.3693
178,Legnica,PL,0.35581323207294824,-0.4591697925737537,12811,3223.9583472603613,104.52525,171.6985
179,Krefeld-West,DE,0.19768551721030936,-0.3863861079019286,31703,2684.2949606633,170.8528,218.74489
180,Kielce,PL,0.5063930634507117,-0.3061538112146419,37307,3739.3528805125156,158.5868,193.94292
181,Ost,DE,0.17174006822863053,-0.32695692075887106,90977,3383.8983197510534,112.50082,160.95796
182,Vellmar,DE,0.34257326238949287,-0.4115025644606966,47273,2130.771414865204,192.75337,171.00386
183,Wrocław,PL,0.3692812678879994,-0.27126020374312443,109908,4266.564319907823,128.5349,133.68321
184,Antwerpen,BE,0.19915169363442525,-0.1963659694399362,63678,4029.6266516538753,230.66164,193.87126
185,Dunkerque,FR,0.15150004211624338,-0.049900843692450986,19717,2543.833442562593,180.36925,251.21175
186,Elberfeld,DE,0.3922323618580561,-0.3185562210173563,58883,2734.8570888903996,126.23338,198.30762
187,Görlitz,DE,0.4253617063843532,0.04660448011478266,10925,2408.056209395066,208.62137,255.0071
188,Lüdenscheid,DE,0.5719129620577792,-0.4907213766859853,13176,1876.7193540261062,106.21245,241.3714
189,Calais,FR,0.2943688719865665,-0.4146231334733092,11625,2027.8057621296718,179.86417,249.27226
190,Stadtbezirk 1,DE,0.28265777780275186,-0.3370714536366705,108132,3326.7853957655134,145.0033,160.02907
191,Alt-Remscheid,DE,0.48608443212637165,-0.40651640667394423,15999,2064.9298426013447,126.52182,254.13062
192,Neuss,DE,0.29641042753610725,-0.3042044600595658,31918,2478.9768641343917,158.03537,186.17348
193,Nord,DE,0.3014038849884812,-0.4504962666749584,39103,2429.748677247361,158.93755,173.9702
194,Gent,BE,0.11339234418498512,-0.16823298375973378,42753,2861.5904656782973,182.22803,142.94789
195,Częstochowa,PL,0.39956885240137924,-0.19401528813683985,29441,3651.927659233188,140.17203,143.76448
196,Hilden,DE,0.42263019086177317,-0.3164165439637752,72740,2370.4716180568603,127.67971,193.95338
197,Mechelen,BE,0.4555631732649631,0.1445661664060042,4497,1298.599654897225,366.40576,489.41116
198,Monheim am Rhein,DE,0.35289931458874363,-0.37218397562928,32304,2805.5676545533156,196.44171,225.6182
199,Cotta,DE,0.380785988728437,-0.2758095750599921,102427,3188.2483222100072,127.18725,162.19487
200,Stadtbezirk III,DE,0.27844886040899364,-0.39138907412227875,44672,2081.5690200200415,152.22675,227.64795
201,Halle-Vilvoorde,BE,0.05149556627629601,-0.20529885636534667,20797,2702.874271237472,237.00755,233.52185
202,Kortrijk,BE,0.04725810006095914,-0.3563343090328427,22802,1749.2426786182205,202.30057,170.48708
203,Sittard,NL,0.2077470725777244,-0.4362116327777716,29115,1560.5257791392273,158.30861,212.53268
204,Boulogne-sur-Mer,FR,0.40830557207945445,-0.4678056993386143,4977,2061.6131199056804,135.91689,143.78224
205,Leuven,BE,0.30514690802780414,-0.23112759951425663,20793,2253.0579691737803,176.56982,133.38623
206,Erfurt,DE,0.2561475098314849,-0.4013341498381692,33189,3021.0617577924204,90.732635,152.40076
207,Bergisch Gladbach,DE,0.305026200059527,-0.29484410626702234,156467,3323.2223962929866,173.35402,207.20097
208,Wałbrzych,PL,0.38852776937755307,-0.43463941954679153,14788,2131.7872816185777,64.112434,202.25781
209,Heerlen,NL,0.28496907410267097,-0.3659226235497214,44982,2005.4866905485956,95.07548,151.96007
210,Opole,PL,0.4574526217092968,-0.2829287957318537,16230,2496.151051821824,108.85521,198.65182
211,Porz,DE,0.1753919625924248,-0.3359628183591072,21469,2711.6086422922913,209.03076,208.2709
212,Jena-Zentrum,DE,0.5710236737737431,-0.5093612420185015,22835,2324.9880326213515,135.15111,246.86105
213,Brussel-Hoofdstad - Bruxelles-Capitale,BE,0.3015023837342885,-0.15383513902824766,125418,5597.418328491785,192.16008,142.45943
214,Maastricht,NL,0.29006724705887527,-0.39365445606535027,20528,2950.5419444393224,164.59322,185.5705
215,Herzogenrath,DE,0.4466202799123817,-0.18437296711130022,21556,1934.162114952617,110.641304,186.24403
216,Gera,DE,0.405666407114233,-0.40103198076140606,16308,2085.84298576317,103.7798,151.17218
217,Liberec,CZ,0.4204797140252592,-0.5241302181134425,20110,2085.899282038752,86.277794,190.81708
218,Düren,DE,0.38571811091582486,-0.5080045774585679,13425,2069.0140208851876,122.14004,186.07242
219,Chemnitz,DE,0.18613827272761213,-0.3536830929082852,40340,2441.999065182434,123.11151,150.88797
220,Aachen,DE,0.38459756389565686,-0.50902893999884,42439,2676.1095847553556,118.90854,237.75542
221,Lille,FR,0.21211591130938728,-0.1690129800897133,117762,3621.7971641897216,221.58904,153.90353
222,Ústí nad Labem,CZ,0.24503695261825764,-0.5156668988396078,12861,2169.74120121864,92.5351,189.04826
223,Stadtbezirk Bonn,DE,0.41235115480950557,-0.43031787147104517,113516,2406.2172395665475,139.51422,193.94653
224,Liège,BE,0.29563037824373695,-0.31789105250996774,68343,2260.6777387675315,140.9827,168.36896
225,Verviers,BE,0.7622419062684764,0.6696687159977052,799,713.6652685559573,557.95276,895.9606
226,Rzeszów,PL,0.33821239558099886,-0.3452578668961793,37768,2840.144910800461,127.49663,160.56335
227,Sosnowiec,PL,0.19073777151565033,-0.0721466788737346,13437,4256.913433869646,175.9926,154.45277
228,Lens,FR,0.27028728461041457,-0.17554005220844848,42996,1791.821285750534,140.72395,378.32697
229,Gliwice,PL,0.21638617701309104,-0.3874584424845903,23783,3148.8682799701965,98.50103,145.99115
231,Sosnowiec,PL,0.2086429945906311,-0.35192206330879977,25262,2540.896223662325,134.15569,210.0297
232,Gießen,DE,0.46956702841416,-0.5383420232871695,22236,1954.086583636557,124.34905,211.10764
233,Douai,FR,0.3234073428578435,-0.322486677142182,19760,1553.217298681275,154.1303,187.67494
234,Mons,BE,0.3011673630930544,-0.39367871483491823,16666,1552.2661704909829,177.261,205.13205
235,Namur,BE,0.29522204961223847,-0.40229518492000993,16101,1695.6885434451026,111.7619,210.90088
236,Most,CZ,0.3483203018843954,-0.41108477349475314,8216,2947.8051638946113,66.59733,332.72943
237,Katowice,PL,0.2778212732318661,-0.28353455009769696,231240,3244.249835989288,92.96788,180.56198
238,Tarnów,PL,0.4221160203551843,-0.31595738659293654,15991,3087.584958786706,151.9343,182.93324
239,Charleroi,BE,0.34728768853217007,-0.35036783757572243,40231,1821.5333629690706,139.503,188.0247
240,Jirkov,CZ,0.36839913597139246,-0.4927987931255904,10955,2658.094577305276,122.22433,211.55228
241,Valenciennes,FR,0.29850546757863716,-0.3361960532742737,23394,1984.4980724179916,214.10973,167.11821
242,Plauen,DE,0.45240100691595225,-0.3518146059682686,12809,1872.9073097093265,90.227066,169.93907
243,Arras,FR,0.37987943437331567,-0.12414341618865801,16674,2011.5195777263984,174.25237,479.8889
244,Tychy,PL,0.3010596524312897,-0.43569931919668686,15783,4736.889368805509,84.02053,171.5282
245,Kraków,PL,0.21026028562663407,-0.4006990406309205,133325,4583.164300844147,121.01625,129.41187
246,Lahnstein,DE,0.37381870272822015,-0.5039178512241437,25912,2032.301547475761,154.75812,258.5329
247,Hradec Králové,CZ,0.29716892370807757,-0.5589387813910532,17996,2274.5208579846044,84.31612,195.11078
248,Jastrzębie-Zdrój,PL,0.2459987002804231,-0.4554091609724788,9269,2902.728546147695,63.91717,173.17479
249,Cherbourg,FR,0.4173487734324174,-0.30928164870824515,9596,2135.1805889849597,138.24127,175.50656
250,Kladno,CZ,0.3184942692216188,-0.5808856779252972,11585,2891.2280552133743,120.32106,178.4552
251,Pardubice,CZ,0.14289953110481252,-0.2997350684954852,18832,2946.474946441024,106.63636,118.0912
252,Bielsko-Biała,PL,0.40458224370749934,-0.2538947668026039,27566,2675.0219442479834,161.15718,130.62704
253,Amiens,FR,0.09502718054871326,-0.37123948035241083,19594,2874.547711223954,137.84198,136.72661
254,Ostrava,CZ,0.07522404507840875,-0.15951742535096347,16768,2177.649965346734,144.6736,152.28241
255,Ostrava,CZ,0.1325299178183942,-0.5612394551126769,10753,3230.296504056287,71.50378,178.73256
256,Nowy Sącz,PL,0.45167395879785055,-0.20865547511887111,11531,2302.7515220364153,123.8826,242.18246
257,Hanau,DE,0.46978319631206733,-0.37364977191404064,20177,1895.6613171734275,147.21373,297.84116
258,Innenstadt 1,DE,0.33977618773857426,-0.411493013077823,135348,3694.997063302251,123.355194,196.57472
259,Praha,CZ,0.16726238728681533,-0.2803553398864824,169593,4415.814714495909,93.65828,118.25953
260,Havířov,CZ,0.27257211732781206,-0.38439312640617096,13117,2513.361405185618,69.3768,228.02626
261,Ostrava,CZ,-0.016036513908008424,-0.3570223431959612,16345,3310.5359011731302,136.92877,147.10208
262,Biebrich,DE,0.4366579513938904,-0.4903043332489527,32327,2976.336778714981,140.27797,200.25781
263,Schweinfurt,DE,0.38595785931900434,-0.555826602371396,21621,1647.0975507988076,130.74615,327.3681
264,Altstadt,DE,0.3035833234793991,-0.4758578102156461,50160,2987.7271436913506,136.8637,219.98987
265,Rüsselsheim am Main,DE,0.4060166023077903,-0.6195314691488378,20951,2115.610790869375,133.9031,277.3296
266,Aschaffenburg,DE,0.43597049808507804,-0.4798623368093633,15257,1987.6187888048962,121.51901,196.36331
267,"Gartenstadt, Wendelhöfen",DE,0.39573277576090327,-0.5077946785920158,18635,1780.3285465726942,120.80751,187.34537
268,Le Havre,FR,0.06818198046139834,-0.2068364412291389,25152,3051.5440066597143,209.76018,118.33596
269,Bamberg,DE,0.3980718022921056,-0.3998798428932956,19575,1842.8238271861107,131.60406,219.9198
270,Darmstadt-Nord,DE,0.36874260557992794,-0.5747207028769625,26263,2783.122220141747,125.12622,267.57007
271,Olomouc,CZ,0.17944789522139856,-0.15228610880991408,18449,3260.587498409423,133.01633,147.3578
272,Plzeň,CZ,0.3777452454591361,-0.2817009996900406,27126,2905.3191242621538,140.96696,156.0006
273,Mitte-Gartenfeld,DE,0.41024547643483567,-0.5254995636001121,21145,1801.632550681247,93.186485,232.6304
274,Höchberg,DE,0.38138896297296143,-0.5056476782080844,38649,2007.0904281378912,96.88882,256.39383
275,Rouen,FR,0.3223726169724111,-0.2242386748653348,53019,2966.803085992168,191.51562,183.34882
276,Alzingen,LU,0.4268978705424196,-0.6100501353706554,35459,2018.7896194704658,87.4926,346.66647
277,Caen,FR,0.22989207332057876,-0.3523801896155373,41276,2425.99837108772,184.50175,184.48038
278,Uttenreuth (VGem),DE,0.44916270767449046,-0.5398932799625296,30183,2023.5397185355005,105.89203,243.57991
279,Žilina,SK,0.331773286008136,-0.5170016016553541,17088,3235.7745970270225,115.07921,226.45497
280,Senlis,FR,0.29528681874157797,-0.38551100098649005,13987,2434.573141906723,120.54997,196.63774
281,Innenstadt/Jungbusch,DE,0.2851985666539596,-0.4196282421101845,89638,3092.8975848404384,189.1536,192.01201
282,Kaiserslautern,DE,0.5048979611935799,-0.4926633748745921,16126,2361.1264974746246,117.488014,302.17093
284,Zirndorf,DE,0.42375556810540255,-0.3327477396398872,95670,3243.4917803699286,121.37561,231.56099
285,Reims,FR,0.1742724348209271,-0.34275506426750996,29367,3262.408632158743,159.69588,186.67305
286,Brno,CZ,0.4260688379689748,-0.5071808202368016,64203,3127.0156462051464,119.22457,180.70146
287,Altstadt,DE,0.5381579396015549,-0.47748852458758995,29965,2859.506778824727,131.47534,258.8513
288,Brest,FR,0.2632955168932469,-0.21673156565066345,19423,2866.6167253105277,147.05196,153.14977
289,Pontoise,FR,0.44129531295910646,0.1286635144312514,14675,3648.762408139054,184.58495,182.98143
290,Mantes-la-Jolie,FR,0.44982647988150504,-0.4038091289348947,15087,2334.44342770936,125.4405,232.22333
291,Košice,SK,0.33716837450410625,-0.3225547629824328,36241,4332.971082098616,103.03207,176.61583
292,Saarbrücken,DE,0.3198288181677841,-0.3511117915864925,33129,2125.4285188832064,121.92579,239.92538
293,Saint-Germain-en-Laye,FR,0.30965449531132655,-0.16199414577831797,4257,2968.1638690558793,199.26738,281.13507
294,Saint-Germain-en-Laye,FR,0.4461040543172253,-0.2980990813992102,25032,2573.926662311708,145.75377,242.62338
295,Meaux,FR,0.3434855478996373,-0.2057337914951777,10163,2810.123672034162,163.14748,270.94968
296,Metz,FR,0.20808780118059955,-0.2548645838948126,35560,2434.3371211738618,157.06113,172.27359
297,Böckingen,DE,0.5949694522367188,-0.595362135597358,28041,2122.0002507662957,107.68068,296.59946
298,Versailles,FR,0.401724486214773,-0.22363386899978727,13161,2425.448284194424,153.17393,250.60516
299,Banská Bystrica,SK,0.21611123480927133,-0.4875404837025234,15384,2159.54017159463,75.848495,214.54207
300,České Budějovice,CZ,0.32018123157245887,-0.37575523650397574,19431,2719.620737156489,136.07896,134.97519
301,Rambouillet,FR,0.32174018604571586,-0.2974629801181108,35099,2910.8647628170306,147.8666,161.2952
302,Lappersdorf,DE,0.3287833723275149,-0.4787635591463137,33840,2216.1903100933805,109.669914,251.69601
303,Manolești,RO,0.4524099450317518,-0.3280762702571018,7188,4848.037062298012,123.38171,170.9761
304,Neureut,DE,0.2982690527345305,-0.47453748916437893,57547,2979.496671654005,105.2616,206.6923
305,Büchenbronn,DE,0.4365020754389615,-0.5201254103066635,22029,2700.425799330138,105.639145,271.02344
306,Ludwigsburg,DE,0.43975881499598163,-0.4981740796824116,31566,2417.072658561597,118.2621,244.88321
307,Palaiseau,FR,0.3202570546618179,-0.12492464980273014,790247,6333.53658347649,185.10101,165.77531
308,Melun,FR,0.43488808229142356,-0.13987565318909242,15707,2677.089009968868,125.33175,220.11296
309,Chartres,FR,0.4016824950262998,-0.48947917873032754,16297,1797.6840748146283,194.47342,234.36003
310,Stuttgart-Mitte,DE,0.4308512037946719,-0.37884008547424075,147692,2926.681228105049,101.485985,208.93375
311,Möhringen,DE,0.32092854158617873,-0.34299874662592095,7024,2943.303853385805,145.87111,240.71936
312,Mitte,DE,0.32058265739151537,-0.4437661655259763,26947,1949.2933998970504,148.43181,243.12865
313,Nancy,FR,0.4503310452748963,-0.39344130538918437,30433,3125.4208807865452,139.99416,178.45483
314,Vaihingen,DE,0.443027375200116,-0.3374588599880581,22451,2859.1154583182242,92.79979,250.65155
315,Esslingen am Neckar,DE,0.4276143344678175,-0.4120615577045759,34224,2302.4638396583173,93.58035,272.4564
316,Rennes,FR,0.16554996806217645,-0.324605696538827,41371,3716.355830410062,191.48976,178.2862
317,Vereinbarte Verwaltungsgemeinschaft der Stadt Göppingen,DE,0.5779955890252642,-0.5244184796153905,26895,1515.9461562429092,92.29656,309.0074
318,Böblingen,DE,0.31022339689653,-0.5451379040565661,28040,2058.811400018777,150.10036,366.97455
319,Trnava,SK,0.22149020864132332,-0.41238997805629357,10379,2967.420897161856,133.55699,176.48654
320,Miskolc,HU,0.49198554714733284,-0.41086266975580404,18725,2154.7469334587927,147.84283,175.88419
321,Nitra,SK,0.08150206076039464,-0.5087778374190495,15989,2236.0773711658608,127.78202,183.96222
322,Nyíregyháza,HU,0.2545176195764719,-0.33178010151476645,10742,2808.837679530383,201.6635,195.0122
323,Lorient,FR,0.3221154924235705,-0.42091651339367614,4628,1834.2397217115463,170.51733,274.32382
324,Strasbourg,FR,0.31700403639385416,-0.3735039132271129,60461,3688.9156603281945,131.95677,193.0108
325,Ergolding,DE,0.4685882770783775,-0.5854445641394809,20809,1523.4846626370615,86.02483,251.94104
326,Miroslava,RO,0.5854871611530185,-0.4199913779128525,27543,4145.690055944812,165.23018,244.43495
327,Satu Mare,RO,0.4883193752186748,-0.30161899537424547,8937,1899.8097718528118,131.42152,145.9489
328,Tübingen,DE,0.5605561332615578,-0.5771691399740662,18020,2347.3282827313656,89.55559,300.28546
329,Baia Mare,RO,0.6155827303681332,-0.062117347440968355,7943,4262.191103328074,205.46382,474.07443
330,Reutlingen,DE,0.5982086866093078,-0.5656878664033234,26318,2101.6563906034576,132.95436,261.2369
331,Troyes,FR,0.2725530497895127,-0.34980998870579794,19484,2443.677613013366,187.25787,115.350685
332,Le Mans,FR,0.2970353858555041,-0.19579300704094932,28210,2759.4361920028546,211.12616,236.75867
333,Vannes,FR,0.273964473044441,-0.15924737042983905,9032,1643.3753993201906,178.02309,190.05132
334,Neu-Ulm,DE,0.3469972333793794,-0.49416643129567406,43725,2191.151049039177,106.97937,227.82799
335,Bratislava,SK,0.20759948259327862,-0.3929428825106742,59984,4417.517233007639,161.11993,157.6136
336,Leonding,AT,0.2892656725108491,-0.3622656235695688,46428,2862.644327535003,152.35034,170.27197
337,Mödling,AT,0.34627390428332283,-0.24963437167408647,185923,5931.694286310201,132.64629,162.84776
338,Neusäß,DE,0.3578531476488322,-0.3919657713268274,68028,3063.378208954262,145.85574,215.84196
340,Orléans,FR,0.3370932095214948,-0.18087928987945093,41187,2401.0055119716,154.69194,210.07104
341,Piatra Neamț,RO,0.4303731390990182,-0.3481078994048739,6938,3337.1830399673754,169.47438,287.60492
342,Debrecen,HU,0.34616077646032123,-0.44259899038628875,21260,3074.378110731913,214.16989,177.4155
343,Colmar-Ribeauvillé,FR,0.5941223980509388,-0.5497108024652859,13717,2294.5206057808778,220.57387,218.86105
344,Unirea,RO,0.7020884451532056,-0.3702845349652949,5771,2787.2738380801084,230.15846,146.9402
346,Schwabing-Freimann,DE,0.3585023599007652,-0.33353868064937964,215372,4354.190453199655,146.04228,160.35661
347,VVG der Gemeinde Gundelfingen,DE,0.4817878862887905,-0.5466434797686278,40039,3125.169475462508,100.84725,253.52417
348,Angers,FR,0.31139249449942086,-0.08427663760869905,45615,2555.210987915627,161.5923,172.56981
349,Győr,HU,0.25841242181126395,-0.36649288710682915,13099,3033.9261701671962,134.36452,218.39339
350,Tatabánya,HU,0.4209003176494993,-0.5279115585134296,8355,2068.7505434265654,93.88241,220.1293
351,Măgura,RO,0.3829016730598011,-0.3496522644460309,9490,4287.188678351635,221.13182,194.87659
352,Stephanskirchen,DE,0.47012424578812345,-0.49104961089056337,15890,1807.6555943827939,90.26818,245.99113
353,Budapest,HU,0.4375969566771038,-0.5497359402556771,17386,1712.4750345560985,155.93001,282.7407
354,Wals-Siezenheim,AT,0.3476825705735962,-0.34966134449266295,29087,2821.62367185023,137.54764,188.67058
355,Nantes,FR,0.1105537332974995,-0.21175684420282714,66877,3650.2096196600273,165.94626,127.42779
356,Mulhouse,FR,0.4579977368730538,-0.5286418204495238,36340,2300.383811900376,160.25986,186.0125
357,Budapest,HU,0.31658950113124956,-0.30327927421999884,179654,4143.192677764393,210.6121,177.76706
358,Tours,FR,0.21839798191438972,-0.19709284170849806,46186,2967.981579458176,167.80524,115.01073
359,Érd,HU,0.6904280919989969,-0.539013855853874,23555,1217.4598636077928,221.22147,240.8876
360,Durach,DE,0.47591807872708647,-0.5501490729611949,15180,1957.5070607189093,119.58123,171.84804
361,Oradea,RO,0.2798451203601552,-0.43312674927970696,16235,4180.783789347306,169.8999,134.78262
362,Szigetszentmiklós,HU,0.6223928524704347,-0.5215878083826706,15914,1473.795501147107,150.70894,271.3588
363,Belfort,FR,0.5367091227223121,-0.510035268088481,15890,2026.6161962743101,142.09222,218.6648
364,Verwaltungsgemeinschaft Konstanz,DE,0.4884040419104307,-0.15716258376917377,12163,3643.9364610367006,251.05727,295.0667
365,Baciu,RO,0.5300379466061699,-0.3812814623551908,30289,4364.628693593579,134.19409,289.80338
366,Székesfehérvár,HU,0.3736675947473831,-0.42132271690118983,11335,2903.6198368434684,201.08443,218.15404
367,Târgu Mureș,RO,0.38367502903778145,-0.5057777390290503,13629,3730.466311858611,184.7717,175.41591
368,Basel,CH,0.44137406599669166,-0.5159158550585675,60412,3123.626797104159,214.27736,326.86874
369,Winterthur,CH,0.48245475026749296,-0.5075257063857579,29928,2323.551642755046,115.98259,394.94775
371,Baden,CH,0.3688324686309171,0.09484669839305154,1660,1537.7659714550934,344.4637,765.25397
372,Szombathely,HU,0.532982978066241,-0.30830290183418113,10752,2306.764576231115,161.49475,222.70804
373,Wittenbach,CH,0.5475646032142506,-0.5963526569372422,22356,1969.0194318671586,86.14725,343.38995
374,Dijon,FR,0.24356008042607874,-0.25630080552063933,33499,3036.2549720177285,151.45636,419.72983
376,Zürich,CH,0.029772203478427368,-0.06428407471923743,6617,5010.7676984142245,277.68045,213.14413
377,Kecskemét,HU,0.1519339162380413,-0.17869601823749148,10493,2681.1451412427105,172.35915,209.77219
378,Bourges,FR,0.13504784111244328,-0.3798392632772219,15294,1555.8595984885437,137.90068,141.3513
379,Küsnacht (ZH),CH,0.4406830081624959,0.04825180146096763,5373,3418.1664054771754,265.1334,204.43898
380,Thalwil,CH,-0.014888180576313293,-0.24405428042965033,3367,3767.274318619277,322.80933,235.37914
381,Besançon,FR,0.41760125586510316,-0.3895944103556774,25131,2443.362630833441,171.508,150.84471
382,Aldrans,AT,0.5417450396192777,-0.3275415788494492,23275,3260.0175882298095,91.91347,309.52844
383,Zürich,CH,0.4737476041912227,-0.4981014812053165,156657,3184.9399881677805,110.88009,231.13687
385,Seiersberg-Pirka,AT,0.4244196317007596,-0.37834387832955835,53439,2751.7046881789583,126.89804,193.78267
386,Biel/Bienne,CH,0.3358669308640246,-0.5956718576933548,15233,2499.041788749799,116.21514,273.18915
387,Focșani,RO,0.512222698686037,-0.4729112228927639,5157,3547.3219250174834,185.77524,203.1617
388,Luzern,CH,0.44281322690637076,-0.49135468008820576,33953,2570.043766185341,103.72781,246.75052
389,Poitiers,FR,0.2559169858423469,-0.3714732960301942,20648,2062.1422683954283,189.35811,133.79124
390,Galați,RO,0.26441615097823784,-0.3767371910028279,12278,7786.35491904136,359.60266,78.27984
391,Bern,CH,0.5548000185108348,-0.5807451493151847,44365,2696.06179977006,92.76754,225.71915
392,Tulcea,RO,0.5160105816727312,-0.42485725827218535,4636,4293.884682962845,175.55934,91.7513
394,Brașov,RO,0.5292883804389429,-0.40136322632832283,19229,5070.079409931221,250.95657,212.68555
395,Brăila,RO,0.33328447089663454,-0.39403190538918176,8187,5331.161772515045,281.12268,115.28977
396,Thun,CH,0.7102576885733277,0.47724400135581196,386,1246.7008109870785,722.4772,645.4363
397,Arad,RO,0.4660457981304592,-0.4218658033018617,14635,2784.124890862573,177.45825,120.78227
398,La Rochelle,FR,0.13327284137799572,-0.37280623127172285,12632,1873.341392609283,174.83585,127.1473
399,Szeged,HU,0.34138019592988594,-0.47405025366856474,20386,3198.3236302799446,125.120255,150.56718
400,Sibiu,RO,0.5040773201304113,-0.41131934437250733,13494,3595.003530989643,157.32678,335.19193
401,Klagenfurt,AT,0.5913657217199714,-0.4180371539458095,19310,2098.024200896349,161.31505,159.15068
402,Maribor,SI,0.4132065981734296,-0.3394987840614663,19675,2230.4699930223933,89.223175,220.45804
404,Lausanne,CH,0.38559223474441817,-0.36639216133372404,46237,3780.6917937850317,111.44907,148.50859
405,Bolzano - Bozen,IT,0.38017414204317795,-0.5074716772900068,8611,4699.8444869043915,152.28304,334.33667
406,Buzău,RO,0.5315508356323839,-0.44313096091758,6492,4876.288285723078,264.89703,177.60944
408,Pécs,HU,0.614675441288904,-0.26146833715377743,20348,2540.590649088366,171.34073,212.42928
409,Rudicica,RO,0.46770358805352136,-0.5511518374993293,33526,3151.7906256436427,164.26735,158.02275
410,Saint-Julien-en-Genevois,CH,0.1938113109305361,-0.3155730794321411,60772,5158.974145077912,173.18472,202.32278
411,Roanne,FR,0.4449361886399061,-0.289643228996302,13481,1574.4695100251276,182.19655,143.98685
412,Limoges,FR,0.3371327169328748,-0.06477168012696778,26549,2419.669428938729,168.43889,132.67705
413,Ploiești,RO,0.5175127329794225,-0.47573586019587744,13169,4558.852427263293,344.6048,161.75009
414,Ljubljana,SI,0.5399010204976284,-0.5329771175868536,50537,2863.6973651701132,128.20609,236.9616
415,Udine / Udin,IT,0.49538038301417187,-0.4066018159364245,18420,2179.4619143884834,140.53885,235.56293
416,Troian,RO,0.5412773192557483,-0.36819188677181564,7228,4721.200716691553,117.45269,237.5746
417,Valea Voievozilor,RO,0.5349623520860947,-0.06945231158171462,4805,4465.300528142415,261.5696,232.96272
418,Trento,IT,0.5011977928714476,-0.5358836719862209,20026,2298.3624476616887,94.32275,316.71835
419,Lugano,CH,0.4511394288571551,0.07106204066996363,3440,4608.242312370387,239.85588,193.48515
420,Lugano,CH,0.3623519687948569,-0.3971566703134782,14465,2404.0940200269974,102.312325,183.54349
421,Pordenone / Pordenon,IT,0.5073480611189255,-0.2781809164715364,16077,1523.7072931534055,149.36472,258.04608
422,Clermont-Ferrand,FR,0.27931229369087124,-0.40907069045536953,33853,2861.1193882416446,169.19012,175.75009
423,Annecy,FR,0.37280378991061597,-0.4474300273352092,27319,2702.841607022089,103.511284,211.5224
424,Zagreb,HR,0.3793968912631747,-0.4515202833420761,80855,4351.36263794704,137.97269,154.06248
425,Osijek,HR,0.533788022919444,-0.44435303213542204,10445,2797.646461593793,156.53577,126.76419
426,Pitești,RO,0.4887543554041747,-0.3413479550983053,12244,3921.808214613431,154.85182,246.03568
427,Târgu Jiu,RO,0.6023752120357536,-0.2716081192104925,5066,3447.7557208420267,198.74852,202.33925
428,Lecco,IT,0.6260327448451812,-0.5563244565315345,8592,2391.2322320189032,112.50884,341.57632
429,Constanța,RO,0.4680173515038236,-0.38539112806048054,14826,6525.026382228054,257.409,73.819496
430,Varese,IT,0.45393652283467134,-0.33594049764011047,17396,1939.553337735704,123.40322,199.77228
431,Lyon,FR,0.17812569103565318,-0.2958948249515153,148138,4665.406086690892,192.76689,168.96829
432,Como,IT,0.35752912934401265,-0.30164915146806665,22628,1851.9832811283593,199.0967,356.08972
433,Lyon,FR,0.0009810513092915415,-0.46490796283437114,14911,2140.2625581889683,267.3974,204.2773
434,Trieste,IT,0.4052216317255963,-0.32138136945753176,22724,351328.3914843643,126.058464,218.64757
435,Treviso,IT,0.48077003590474404,-0.18478584545653579,13410,2410.4830212488578,158.27953,124.21415
436,Bergamo,IT,0.10770132912487367,-0.34199761807229695,48210,2409.388869940855,199.73842,313.25568
437,Gallarate,IT,0.09704561036650035,-0.4184770552263472,24556,2362.523497556102,310.0177,340.5182
438,Chambéry,FR,0.3820277027058722,-0.32109565201587414,21770,2188.812407443018,167.30777,134.79724
439,Călărași,RO,0.3485740636129427,-0.26595067831581515,4129,4087.9659914264585,176.28676,83.91925
440,Sector 1,RO,0.4120356099011801,-0.42280470820766575,111820,7577.312456640149,223.01472,113.82084
441,Saint-Étienne,FR,0.2877915540671726,-0.24244012947049398,27763,3103.5675217492085,147.9094,149.70366
442,Busto Arsizio,IT,0.3592009057762291,-0.32680804630196997,58200,2394.5848992350952,173.83984,287.8129
443,Vicenza,IT,0.32054681775636584,-0.23536555779055277,14517,2303.6746748779265,152.00186,213.0805
444,Brescia,IT,0.39786700434735073,-0.38181024447116074,44848,2301.711341843437,122.81308,272.53784
445,Venezia,IT,0.17268834565310281,-0.33429470966015223,25721,2897.885110902199,117.179405,127.724174
446,Novara,IT,0.509603877404948,-0.5665980501316731,11147,2986.548926123672,134.06908,234.44449
447,Verona,IT,0.18370631073496282,-0.1589149884582521,24981,3363.312042129588,152.6667,367.66544
448,Rijeka,HR,0.411609138868094,-0.30180805012099865,18265,2745.4033285658566,98.71889,172.7313
449,Venezia,IT,0.3219926895553341,0.12378946921434295,7211,8866.608867155093,96.36439,162.62923
450,Slatina,RO,0.443222968414062,-0.4707330789922087,4592,4312.978238290903,219.77528,175.64139
451,Magheru,RO,0.5439339979227413,-0.052717098015092105,5462,5234.651256073146,175.27496,399.324
452,Padova,IT,0.16591668198595994,-0.2708940821407106,40703,2455.820006682444,123.35803,168.39761
453,Milano,IT,0.3198296759918113,-0.09925297149473629,327511,4457.769527903527,160.16139,259.72318
454,Vigevano,IT,0.7361594801017592,-0.1545375294753972,7652,2290.3809405442994,149.97136,304.2514
455,Bordeaux,FR,0.24797528888783152,-0.131514035496651,119763,2879.168081913318,180.05734,185.53848
456,Grenoble,FR,0.40765451189160457,-0.2336692009248913,59938,3738.790547715697,140.038,153.8422
457,Mofleni,RO,0.32115662738137885,-0.42607936061881785,18244,4877.578163217785,292.47968,171.0935
458,Pavia,IT,0.49053443773884536,-0.5251390810651709,9071,2379.049859970104,77.03539,252.3563
459,Cremona,IT,0.37687476905991035,-0.39184704336815745,7718,2675.7086056272537,113.03694,186.16945
460,Добрич,BG,0.2633587204848128,-0.09687214530822416,7811,3762.4529088820677,201.55966,127.86257
461,Ferrol,ES,0.22649410652608848,-0.09934165097209997,13371,3324.5487221771477,108.51506,228.29886
462,Русе,BG,0.24886192552260028,-0.13646458675788747,10065,5084.341054388434,144.17621,78.07438
463,Valence,FR,0.30180930949466755,-0.4316381020955939,19990,2070.124323103257,192.1825,175.44246
464,Piacenza,IT,0.3852861932914952,-0.35469438465241193,8662,3744.4281449468276,164.37431,397.84253
465,Torino,IT,0.2899532749087964,-0.16148699876134398,99622,5323.10552206671,142.45891,247.45462
466,A Coruña,ES,0.35217795078560366,0.01979628428644576,28466,6945.15667488412,146.459,301.6807
467,Asti,IT,0.4363753195501157,-0.41686814767892616,7211,3142.5046825499644,157.11667,220.35823
468,Alessandria,IT,0.3926320374267967,-0.35607546716277,6930,3289.7646166090954,125.161095,211.15332
469,Ferrara,IT,0.28401990860369536,-0.4395333246866048,16671,2181.955192897801,121.42302,141.01501
470,Parma,IT,0.28348581120050137,-0.42943927270963256,18742,3419.9092698684362,111.745415,147.84454
471,Carpi,IT,0.3552958239354358,-0.34063008052246097,8258,2574.3578477751507,102.97794,110.37946
472,Avilés,ES,0.06756887845185111,-0.3520372958731048,9625,3942.467032932822,113.66148,212.31839
473,Варна,BG,0.41229644822723754,-0.255529027222224,24217,5850.029251598507,183.15747,174.44397
474,Gijón / Xixón,ES,0.17500531373990252,0.024365428093999993,18258,9995.754304202785,118.76016,182.98567
475,Reggio Emilia,IT,0.490600328826662,-0.4332468889488653,19276,2592.794847777188,98.41612,145.17525
476,Шумен,BG,0.41393061640840284,-0.4419748928234177,7680,2928.668098895635,132.89009,141.71681
477,Modena,IT,0.23864457012824494,-0.35870532459972115,18050,3707.307803818921,116.39378,108.73615
478,Oviedo,ES,0.3999731204504819,0.10973542363649814,16735,6831.706221679062,109.90987,253.39853
479,Santiago,ES,0.12879136077085485,-0.39184794316950683,16423,3184.9762536651383,91.22359,267.76865
480,Lugo,ES,0.4417391385751928,-0.0745623066497434,10856,4793.408351125392,161.0669,252.91547
481,Bologna,IT,0.34477335311182267,-0.07382598647586573,48195,3771.206851864396,140.82736,213.61594
482,Плевен,BG,0.5674315552039267,-0.2049118593508413,8236,3808.6626941200943,188.59236,89.203674
483,Ravenna,IT,0.3394773549247722,-0.41420740161048686,11563,2655.129791576714,141.20772,144.34846
484,Genova,IT,0.4867455062319814,-0.07929150519389291,43018,12921480.829167768,127.36922,251.3731
485,Santander,ES,0.243580654888984,-0.1711628466092776,18813,6188.953755828184,103.981544,188.53996
486,Savona,IT,0.5756245684479036,-0.30114593529241623,9345,39951.33140493849,71.77103,300.4225
487,Велико Търново,BG,0.35908742822643674,-0.3423866885561206,7696,3058.5113851523515,89.86494,171.5563
488,Zadar,HR,0.4906145229684476,-0.5071915617530333,9412,2509.3197061335713,144.31271,216.07709
489,Forlì,IT,0.49555033922831354,-0.45509303275045143,11045,2345.381405650534,121.38135,164.26715
490,Pontevedra,ES,0.3606795393450936,-0.17879891093413314,9742,3396.70981931865,91.93259,256.44986
491,Bayonne,FR,0.2841868440562731,-0.18899362572419748,19328,2250.655185576757,173.20367,117.9188
492,La Spezia,IT,0.5162416322239392,-0.10139960912607422,12898,12223.448710213355,91.87393,229.52222
493,Rimini,IT,0.42586478714968234,-0.1498159031341252,15808,6242.976798064515,135.91348,114.56421
494,Avignon,FR,0.3326892550849665,-0.40326831853189465,27255,2217.915712383534,280.8242,161.85764
495,Bilbao,ES,0.2869729549780459,-0.25177806090570876,57918,7837.404192876175,100.69075,361.57205
496,Bayonne,ES,0.4452451298904826,-0.35944233563810263,9857,3132.983413545373,107.39231,245.70721
497,Бургас,BG,0.2218232967326283,-0.31906733035416435,7449,7531.107642076727,175.81248,117.60589
498,Donostia / San Sebastián,ES,0.33076939207324174,-0.19301133695178105,23206,5769.027914048626,80.93696,204.77449
499,Nîmes,FR,0.20792950790216713,-0.18738946795133868,18433,3278.06088700514,209.86403,108.94336
500,Сливен,BG,0.4247666435218294,-0.3819558612582291,8183,3236.282950418792,168.62123,195.43906
501,Vigo,ES,0.3709410169868178,0.027895153142566007,23796,6563.236395280804,134.82297,205.93057
502,Pesaro,IT,0.28719154430525234,-0.1561957525674852,8287,10624.497059396701,145.70038,142.87894
