country,n_cities,accommodation_nearest_m_median,accommodation_nearest_m_q1,accommodation_nearest_m_q3,active_life_nearest_m_median,active_life_nearest_m_q1,active_life_nearest_m_q3,arts_and_entertainment_nearest_m_median,arts_and_entertainment_nearest_m_q1,arts_and_entertainment_nearest_m_q3,attractions_and_activities_nearest_m_median,attractions_and_activities_nearest_m_q1,attractions_and_activities_nearest_m_q3,business_and_services_nearest_m_median,business_and_services_nearest_m_q1,business_and_services_nearest_m_q3,eat_and_drink_nearest_m_median,eat_and_drink_nearest_m_q1,eat_and_drink_nearest_m_q3,education_nearest_m_median,education_nearest_m_q1,education_nearest_m_q3,health_and_medical_nearest_m_median,health_and_medical_nearest_m_q1,health_and_medical_nearest_m_q3,public_services_nearest_m_median,public_services_nearest_m_q1,public_services_nearest_m_q3,religious_nearest_m_median,religious_nearest_m_q1,religious_nearest_m_q3,retail_nearest_m_median,retail_nearest_m_q1,retail_nearest_m_q3,accommodation_count_400m_median,accommodation_count_400m_q1,accommodation_count_400m_q3,active_life_count_400m_median,active_life_count_400m_q1,active_life_count_400m_q3,arts_and_entertainment_count_400m_median,arts_and_entertainment_count_400m_q1,arts_and_entertainment_count_400m_q3,attractions_and_activities_count_400m_median,attractions_and_activities_count_400m_q1,attractions_and_activities_count_400m_q3,business_and_services_count_400m_median,business_and_services_count_400m_q1,business_and_services_count_400m_q3,eat_and_drink_count_400m_median,eat_and_drink_count_400m_q1,eat_and_drink_count_400m_q3,education_count_400m_median,education_count_400m_q1,education_count_400m_q3,health_and_medical_count_400m_median,health_and_medical_count_400m_q1,health_and_medical_count_400m_q3,public_services_count_400m_median,public_services_count_400m_q1,public_services_count_400m_q3,religious_count_400m_median,religious_count_400m_q1,religious_count_400m_q3,retail_count_400m_median,retail_count_400m_q1,retail_count_400m_q3,street_furn_nearest_m_median,street_furn_nearest_m_q1,street_furn_nearest_m_q3,parking_nearest_m_median,parking_nearest_m_q1,parking_nearest_m_q3,transport_nearest_m_median,transport_nearest_m_q1,transport_nearest_m_q3,hill_q0_richness_median,hill_q0_richness_q1,hill_q0_richness_q3,hill_q1_shannon_median,hill_q1_shannon_q1,hill_q1_shannon_q3,hill_q2_simpson_median,hill_q2_simpson_q1,hill_q2_simpson_q3,betweenness_median,betweenness_q1,betweenness_q3,network_density_median,network_density_q1,network_density_q3,cycles_median,cycles_q1,cycles_q3,harmonic_closeness_median,harmonic_closeness_q1,harmonic_closeness_q3,green_nearest_m_median,green_nearest_m_q1,green_nearest_m_q3,trees_nearest_m_median,trees_nearest_m_q1,trees_nearest_m_q3,green_area_400m_median,green_area_400m_q1,green_area_400m_q3,trees_area_400m_median,trees_area_400m_q1,trees_area_400m_q3,building_height_m_median,building_height_m_q1,building_height_m_q3,building_area_m2_median,building_area_m2_q1,building_area_m2_q3,building_compactness_median,building_compactness_q1,building_compactness_q3,building_volume_m3_median,building_volume_m3_q1,building_volume_m3_q3,floor_area_ratio_median,floor_area_ratio_q1,floor_area_ratio_q3,block_coverage_ratio_median,block_coverage_ratio_q1,block_coverage_ratio_q3,pop_density_per_km2_median,pop_density_per_km2_q1,pop_density_per_km2_q3,employment_rate_median,employment_rate_q1,employment_rate_q3,age_under15_pct_median,age_under15_pct_q1,age_under15_pct_q3,age_15to64_pct_median,age_15to64_pct_q1,age_15to64_pct_q3,age_over65_pct_median,age_over65_pct_q1,age_over65_pct_q3,male_pct_median,male_pct_q1,male_pct_q3,female_pct_median,female_pct_q1,female_pct_q3
DE,73,704.43744,646.8342895507812,767.6314697265625,446.0047,413.0174255371094,474.13519287109375,589.8223,553.3216552734375,640.2666015625,634.86633,580.1104736328125,682.1909790039062,165.25299,155.10105895996094,175.90948486328125,401.59268,372.96185302734375,424.4151611328125,422.1035,391.30303955078125,461.17303466796875,382.0197,357.9158935546875,414.0305480957031,412.9626,390.039306640625,453.8870849609375,649.29346,617.7453002929688,695.1930541992188,290.5101,270.2017517089844,308.78924560546875,0.0,0.0,0.0,0.0,0.0,0.0,0.0,0.0,0.0,0.0,0.0,0.0,6.0,5.0,7.0,0.0,0.0,1.0,0.0,0.0,0.0,0.0,0.0,1.0,0.0,0.0,1.0,0.0,0.0,0.0,1.0,1.0,2.0,236.4671,212.90924072265625,269.46978759765625,723.2957763671875,659.767578125,814.0982666015625,281.95496,258.5616455078125,320.2358093261719,5.0,4.0,5.0,3.3635857,3.0207204818725586,3.500000238418579,2.6666667,2.484724521636963,2.777777671813965,138.0,120.0,152.0,93.0,81.0,99.0,65.0,54.0,73.0,0.4661072,0.41885805130004883,0.5049959421157837,81.53274536132812,64.0307388305664,99.92816162109375,61.76560974121094,46.754981994628906,83.27220153808594,0.24996217,0.19555500149726868,0.3375356197357178,0.038026378,0.023633433505892754,0.05688389018177986,5.9166669845581055,5.0714287757873535,6.400000095367432,109.55257,92.63147735595703,131.57073974609375,0.555876,0.5480434894561768,0.5648864507675171,679.3988647460938,554.2521362304688,821.1248779296875,170.34397888183594,144.0595245361328,212.11083984375,0.2163620889186859,0.19964978098869324,0.22920450568199158,2437.1868795114447,2186.305412269523,2738.9919224439673,0.38275916076127936,0.33455557691291765,0.39981658700645684,0.13329330935017913,0.12500355667892685,0.13850794748111822,0.6507667681565863,0.6425930260907838,0.6662274798584434,0.2090743714602925,0.193131240588192,0.22136317687753715,0.4911222354016575,0.4855704744552512,0.4953615653322379,0.5096712822992273,0.5052040442433546,0.5142701680335948
IT,62,486.38837,372.3302764892578,575.4910125732422,342.0027,303.01226806640625,378.5966033935547,504.05908,422.7797622680664,560.3435821533203,462.30212,388.3721923828125,530.5151977539062,134.93004,122.26509475708008,161.34876251220703,235.61546,206.71731185913086,275.2134475708008,374.0423,323.2664260864258,420.6695556640625,334.61996,293.8771209716797,383.86077880859375,316.35675,278.06285858154297,365.56427001953125,555.1721,486.43885803222656,597.9412231445312,181.31517,160.98831939697266,224.0190200805664,0.0,0.0,0.0,1.0,0.0,1.0,0.0,0.0,0.0,0.0,0.0,0.0,8.0,5.25,10.75,2.0,1.0,3.0,0.0,0.0,1.0,1.0,0.0,1.0,1.0,0.0,1.0,0.0,0.0,0.0,5.0,2.0,6.0,451.16837,365.3744201660156,595.9896240234375,721.5794982910156,626.0052795410156,892.4969024658203,284.50793,213.71359252929688,437.11775970458984,6.0,5.0,7.0,4.209627,3.743005096912384,4.586965203285217,3.423048,3.1458505392074585,3.5946043133735657,100.5,79.0,119.5,70.5,58.25,82.25,47.0,34.0,60.25,0.3695556,0.31139621138572693,0.4303210452198982,78.67240142822266,66.14726829528809,100.2055721282959,90.50971603393555,66.12789344787598,115.01258659362793,0.1894256,0.14445797726511955,0.23815416544675827,0.0130651295,0.007793712895363569,0.02459024405106902,6.612499952316284,5.451136231422424,7.910008072853088,185.60852,149.4139175415039,222.64016723632812,0.5247848,0.5062609612941742,0.5364025235176086,1197.4146118164062,927.854248046875,1874.7835083007812,314.4649353027344,248.17262649536133,492.9353561401367,0.2264353483915329,0.2019966058433056,0.2475234791636467,3005.962974824162,2344.173094625313,4248.096890628705,0.42495642495335484,0.39163642233605095,0.4421688698016819,0.11936089352795223,0.11520010460490482,0.1276749786631597,0.6289868111277466,0.6217584465753018,0.6390113540772447,0.24885080479229987,0.23703811125655264,0.2625697977156798,0.4811950447324188,0.47753000392263867,0.4852183616821243,0.5188049552675813,0.5147816383178756,0.5224699960773614
NL,35,735.219,671.3595886230469,799.1062316894531,363.27515,337.14813232421875,398.1010437011719,568.0038,522.09716796875,617.3535461425781,453.89056,423.88356018066406,495.50787353515625,141.9409,135.56764221191406,160.94776153564453,411.5137,381.2332763671875,440.3723449707031,347.05722,307.68280029296875,375.30841064453125,298.0851,274.1813507080078,331.30870056152344,299.59445,274.5191650390625,345.15740966796875,646.53656,584.1307373046875,725.8775634765625,256.02258,241.7016830444336,279.0818634033203,0.0,0.0,0.0,1.0,0.0,1.0,0.0,0.0,0.0,0.0,0.0,0.0,7.0,6.0,8.0,0.0,0.0,1.0,1.0,1.0,1.0,1.0,1.0,1.0,1.0,1.0,1.0,0.0,0.0,0.0,2.0,1.5,2.0,257.75366,242.36874389648438,303.02301025390625,840.363037109375,762.2716674804688,905.726806640625,318.53534,300.3267517089844,341.04685974121094,6.0,5.0,6.0,4.115511,3.6792060136795044,4.313149452209473,3.2666667,2.9757083654403687,3.427261710166931,196.0,158.0,218.5,119.0,102.0,131.0,96.0,79.5,116.0,0.6014294,0.5181505382061005,0.6608550548553467,87.29927062988281,58.24285125732422,102.99604415893555,53.511966705322266,43.0543098449707,67.84505844116211,0.17686619,0.13008172810077667,0.21769879013299942,0.06373905,0.04027673788368702,0.07735873013734818,5.174999952316284,5.0,5.458333373069763,53.852104,51.20790100097656,55.26848030090332,0.53412956,0.5272630453109741,0.5381990671157837,286.18800354003906,277.90637969970703,298.67240142822266,62.24689483642578,57.1523551940918,63.97709369659424,0.2588745057582855,0.2474565953016281,0.27247726917266846,3202.3030901779516,2710.5081847364445,3697.9556041319543,0.5120437742316364,0.4936876394409496,0.5214908055220445,0.1535509883952294,0.14630684959699497,0.16045797613819018,0.644847124204486,0.633416740337237,0.658926903208648,0.19614548132772114,0.17596664746230467,0.20882569323226813,0.49533749328208465,0.4931023802617691,0.49828645371867414,0.5039512053404482,0.5017816047314465,0.507467027690921
FR,26,609.21387,541.1817932128906,664.0063781738281,407.4477,381.94115447998047,427.79590606689453,581.76825,539.4588012695312,627.5621795654297,585.178,532.0666198730469,619.7180328369141,169.3005,157.7799530029297,183.59532165527344,384.13287,352.54100799560547,414.3167037963867,413.92316,391.8204345703125,441.19225311279297,374.54276,354.2310256958008,413.1872329711914,369.29333,345.73683166503906,415.663330078125,740.5536,699.0574035644531,790.53857421875,271.71902,255.662109375,299.20018768310547,0.0,0.0,0.0,0.0,0.0,1.0,0.0,0.0,0.0,0.0,0.0,0.0,5.0,4.0,6.0,1.0,0.0,1.0,0.0,0.0,0.0,1.0,0.0,1.0,1.0,0.0,1.0,0.0,0.0,0.0,2.0,1.0,2.0,300.46075,257.8806381225586,375.66107177734375,716.46044921875,675.4663696289062,891.8479156494141,229.83734,218.58921432495117,248.42203521728516,5.0,4.25,5.0,3.633325,3.449437379837036,3.8973953127861023,2.9638526,2.817888617515564,3.065071940422058,130.0,104.0,148.75,86.0,70.0,93.0,60.0,44.0,67.0,0.4417363,0.3639615848660469,0.4894048348069191,129.17007446289062,111.98145484924316,140.95630645751953,55.22820281982422,47.777156829833984,76.78981399536133,0.11290297,0.09382196702063084,0.15391805768013,0.030903682,0.021869557444006205,0.03837116528302431,4.45588231086731,4.169999837875366,5.285714387893677,71.914474,65.6168155670166,79.43764114379883,0.50772023,0.5033755749464035,0.5206023901700974,327.4666442871094,302.4051971435547,383.6609802246094,85.39065170288086,76.56372261047363,101.2878646850586,0.1922798678278923,0.17904438450932503,0.2118212953209877,2392.2286842860767,1919.9093070165384,2752.4876764535234,,,,0.14989804709408988,0.1374173885454309,0.16586945925862728,0.6148626046705917,0.5979028673539529,0.6357371726073622,0.21766966665797005,0.19179998828375044,0.26151434597306855,0.4717152504098594,0.46856042030892053,0.4760587761108177,0.5282847495901406,0.5239412238891823,0.5314395796910795
CH,17,651.6892,627.1100463867188,770.58203125,420.87607,364.9017333984375,436.0833435058594,610.0944,566.9229125976562,642.0587158203125,551.76385,497.8604736328125,611.1946411132812,149.09474,128.56781005859375,169.5972900390625,367.54337,330.1386413574219,413.9446716308594,411.29056,369.02374267578125,476.6818542480469,364.84357,318.78826904296875,400.5653076171875,434.22934,366.8188171386719,455.5885314941406,669.8944,609.827392578125,715.6692504882812,281.06857,250.87399291992188,313.1839599609375,0.0,0.0,0.0,0.0,0.0,1.0,0.0,0.0,0.0,0.0,0.0,0.0,7.0,5.0,8.0,1.0,0.0,1.0,0.0,0.0,1.0,1.0,0.0,1.0,0.0,0.0,1.0,0.0,0.0,0.0,1.0,1.0,2.0,224.33136,203.240966796875,233.75601196289062,527.9480590820312,485.33953857421875,626.6114501953125,265.42474,241.24005126953125,299.0295715332031,5.0,4.0,5.0,3.311199,3.0,3.614229679107666,2.565932,2.3809523582458496,2.813953399658203,124.0,102.0,134.0,86.0,80.0,93.0,60.0,53.0,67.0,0.4377588,0.4052889049053192,0.47127991914749146,73.89102172851562,52.24664306640625,142.42129516601562,91.78266906738281,63.859947204589844,128.52548217773438,0.18215528,0.0,0.44013267755508423,0.009472468,0.0,0.024449992924928665,7.5,6.900000095367432,8.366666793823242,155.66829,131.36163330078125,179.1549835205078,0.55766004,0.5543511509895325,0.5621322393417358,1206.905517578125,885.94873046875,1705.7880859375,314.9253234863281,228.83041381835938,472.6876220703125,0.20916369557380676,0.2004994973540306,0.2231595478951931,2500.539318548347,2052.98990524608,2814.199385636411,,,,0.15066264732073764,0.14529274482327034,0.15212628551914947,0.6583215901889321,0.6486634265115307,0.6717098469987101,0.1887676089217058,0.16942050045243018,0.2020387242860274,0.4921108176089269,0.48593475934070574,0.49835831757569327,0.5086000310389778,0.5013179402484615,0.5142714564332074
PL,15,555.9332,512.9088745117188,615.5411682128906,363.9377,340.5591735839844,387.9580993652344,551.31934,520.964599609375,574.3556213378906,518.67566,438.07395935058594,576.0047912597656,117.44711,109.96470642089844,121.16183090209961,323.1836,308.5005645751953,351.9559631347656,289.59882,276.64768981933594,322.29217529296875,283.17368,271.5121612548828,305.9098815917969,336.36255,309.26417541503906,356.2352752685547,661.12354,640.3021545410156,708.5182189941406,185.15543,167.80570220947266,193.6784896850586,0.0,0.0,0.0,1.0,0.5,1.0,0.0,0.0,0.0,0.0,0.0,0.0,14.0,12.0,15.5,1.0,1.0,1.0,1.0,1.0,1.5,2.0,1.0,2.0,1.0,1.0,1.0,0.0,0.0,0.0,5.0,4.0,5.5,231.13072,215.1893768310547,371.4466247558594,808.552001953125,674.1502380371094,875.1493835449219,269.44073,258.4389190673828,280.4888000488281,6.0,6.0,6.5,3.8412557,3.6589887142181396,3.9443365335464478,2.8644063,2.712101459503174,3.005287289619446,202.0,167.5,268.0,125.0,110.0,154.5,116.0,92.5,154.0,0.6580758,0.580569326877594,0.8298794627189636,83.12010192871094,75.46541595458984,104.54484939575195,58.975196838378906,46.71072578430176,70.14532089233398,0.20370528,0.16726482659578323,0.2488342970609665,0.042419896,0.02245776541531086,0.06324906833469868,5.599999904632568,4.995833396911621,6.0,104.053635,94.80443572998047,107.5323371887207,0.53903425,0.5313876569271088,0.5423443019390106,582.3150024414062,534.5597229003906,658.592041015625,140.9684600830078,130.49910736083984,175.03248596191406,0.16415567696094513,0.150851808488369,0.17324373126029968,3805.7984962174914,3309.3609883202903,4472.068324234131,0.4646547572004749,0.44033114938516027,0.4942620416203733,0.13366560552221843,0.1254763863793062,0.14040587039463764,0.6529354163701212,0.6424616994818113,0.657725136774765,0.2094390974887808,0.19138043270250088,0.2162160639566738,0.47103119776478297,0.4676732083636197,0.47623857856197005,0.5283690867171429,0.5235185927554322,0.5309444670620422
ES,11,319.9145,273.03028869628906,410.27757263183594,350.29715,325.05157470703125,372.8825378417969,437.81567,386.5375061035156,499.4606628417969,343.85336,290.47767639160156,389.0057373046875,146.73477,131.75854110717773,169.9930648803711,216.31592,206.3942108154297,249.16458892822266,324.17386,288.4441833496094,428.9402160644531,348.50055,316.5812683105469,396.4279479980469,357.91483,313.986328125,410.8554992675781,524.8911,457.5587463378906,608.3146667480469,215.27293,205.28749084472656,237.0044708251953,1.0,0.0,1.0,0.0,0.0,1.0,0.0,0.0,0.0,1.0,0.0,1.0,6.0,4.5,7.5,3.0,2.0,3.0,0.0,0.0,1.0,1.0,0.0,1.0,0.0,0.0,0.5,0.0,0.0,0.0,2.0,2.0,3.0,418.98068,361.7748107910156,469.8284606933594,636.5562133789062,592.5120544433594,757.8339233398438,274.95807,244.9285430908203,303.91261291503906,6.0,6.0,6.5,4.3492103,4.0843095779418945,4.44026255607605,3.436606,3.200645089149475,3.567029595375061,122.0,102.5,164.0,76.0,71.0,104.5,54.0,44.5,88.0,0.4221009,0.383882999420166,0.5612562596797943,62.27033233642578,41.35526084899902,88.24217987060547,140.64552307128906,78.43357849121094,181.87916564941406,0.29841247,0.21898868680000305,0.4488203823566437,0.008018367,0.004600852495059371,0.023038615472614765,6.383333206176758,5.973684310913086,6.984836101531982,155.59871,135.47972869873047,186.66616821289062,0.5087649,0.4963909983634949,0.5141953527927399,1015.7822875976562,907.5179138183594,1259.10205078125,257.1769714355469,240.56044006347656,320.63340759277344,0.25361931324005127,0.22094712406396866,0.3133566826581955,3101.582112653752,2359.728365369033,3507.995773623121,0.3642462852790747,0.33122420874787095,0.41509801871083796,0.13568899528565778,0.12313605935295546,0.15449697191127365,0.6702863313065405,0.6589942769026471,0.6844961158908702,0.16666062644314542,0.16064300052972413,0.21624209206386452,0.49133223578646157,0.47696768061643285,0.49413156407738945,0.5089988984051352,0.5051051606121216,0.52313542840484
BE,10,676.8877,612.8432159423828,754.3634490966797,401.652,368.009521484375,435.4373550415039,558.8561,484.3728942871094,648.9366912841797,461.34335,398.4128189086914,537.0661163330078,150.48172,135.57224655151367,163.76650619506836,345.13828,304.8467025756836,417.4991912841797,464.13925,408.38209533691406,522.9355926513672,348.03452,295.7833938598633,390.4929504394531,328.46368,298.3975143432617,398.96055603027344,771.56104,691.980712890625,813.5888824462891,268.08752,230.23931884765625,302.3657455444336,0.0,0.0,0.0,0.0,0.0,1.0,0.0,0.0,0.0,0.0,0.0,0.0,6.0,4.25,7.0,1.0,0.25,1.0,0.0,0.0,0.0,1.0,0.25,1.0,1.0,0.25,1.0,0.0,0.0,0.0,2.0,1.0,2.75,312.1137,253.79913330078125,386.6539306640625,818.5582580566406,778.0098419189453,905.3490447998047,301.71057,293.6292953491211,332.1573715209961,5.5,4.0,6.0,3.8970904,3.266723394393921,4.316863775253296,3.1333332,2.8692631125450134,3.496013879776001,105.0,77.75,115.5,69.0,57.5,74.75,43.5,32.0,48.75,0.35773027,0.29855597764253616,0.38397230952978134,123.9183349609375,97.73206901550293,138.2579460144043,54.42130661010742,46.28379726409912,64.52670288085938,0.14293277,0.12630304507911205,0.2003861665725708,0.040747225,0.035213579423725605,0.0429582092911005,4.604166746139526,4.1505208015441895,5.0625001192092896,81.20944,77.31186485290527,83.32612228393555,0.5107904,0.5059966444969177,0.5309948623180389,432.0912780761719,355.71983337402344,471.45689392089844,107.06380462646484,86.33379745483398,116.2214527130127,0.22752949595451355,0.18103782087564468,0.2501310110092163,1891.2119419124858,1823.8522818118097,2257.6717867933526,0.44420686286179134,0.43064279843381414,0.46034867808372176,0.1646099778317503,0.14586955758933304,0.1719134984388874,0.6303708206935207,0.620239334829641,0.6508776637497811,0.19861720051006976,0.17421827265452045,0.2132528779124872,0.49121284697580625,0.4896860979095583,0.49439594434001194,0.5087871530241936,0.5056040556599881,0.5103139020904417
HU,9,551.407,495.50823974609375,575.2322387695312,359.65155,336.6883544921875,369.86639404296875,545.45776,530.5857543945312,583.24951171875,458.12054,443.5975036621094,497.61846923828125,132.36673,126.31366729736328,140.55123901367188,319.53793,306.49993896484375,339.6004638671875,345.55127,337.99774169921875,380.57110595703125,349.1543,331.7758483886719,383.8558349609375,418.2329,398.066650390625,455.57904052734375,679.20654,636.4967041015625,716.1085205078125,184.04175,175.57623291015625,192.71505737304688,0.0,0.0,0.0,1.0,1.0,1.0,0.0,0.0,0.0,0.0,0.0,0.0,8.0,7.0,9.0,1.0,1.0,1.0,1.0,0.0,1.0,1.0,0.0,1.0,0.0,0.0,0.0,0.0,0.0,0.0,4.0,4.0,5.0,317.49115,266.41644287109375,463.3084411621094,829.3621826171875,725.7791748046875,999.3955688476562,247.24338,238.75921630859375,253.89039611816406,6.0,5.0,6.0,3.7887845,3.6998212337493896,3.946408987045288,3.0581915,2.9284162521362305,3.11590313911438,103.0,98.0,122.0,70.0,65.0,79.0,43.0,38.0,52.0,0.3486612,0.3342185318470001,0.3955610394477844,156.61578369140625,123.00053405761719,158.5680694580078,79.08863830566406,72.03118133544922,94.05972290039062,0.0803837,0.06974838674068451,0.15343309938907623,0.016019322,0.0146403843536973,0.02281535230576992,4.777777671813965,4.349999904632568,5.5,154.64082,144.22402954101562,159.07559204101562,0.5495732,0.5297602415084839,0.554986834526062,908.830810546875,736.338134765625,1042.61767578125,220.0352020263672,186.54498291015625,260.51739501953125,0.20306600630283356,0.20003807544708252,0.21418125927448273,2727.6929428056483,2381.876624999797,2988.264647074042,0.5107800043477964,0.5014048094851096,0.5206193787667801,0.12667174407446768,0.12231326594017009,0.13425394397093243,0.6565423844066154,0.6515651057596578,0.66327857114136,0.21446186758089944,0.21004464606115195,0.22270569064514834,0.4701894482729174,0.4681674928922635,0.472419582561983,0.5302508746975587,0.52771934036112,0.5309010614528014
PT,8,628.19775,546.9473724365234,787.1595306396484,374.50888,355.10128021240234,487.60265350341797,634.68585,604.5102081298828,842.2126159667969,538.7716,390.9424285888672,696.6904754638672,154.22128,143.2915382385254,177.51079940795898,246.90295,225.65414810180664,290.6982955932617,370.08887,335.4083023071289,539.1148681640625,366.20145,325.1192321777344,569.3549194335938,425.8253,397.96094512939453,543.8960266113281,611.0727,557.2821502685547,801.0045928955078,225.38666,203.6813621520996,266.4293746948242,0.0,0.0,0.0,0.5,0.0,1.0,0.0,0.0,0.0,0.0,0.0,0.0,7.0,3.75,7.75,2.0,1.0,2.5,0.5,0.0,1.0,0.5,0.0,1.0,0.0,0.0,0.25,0.0,0.0,0.0,3.0,1.75,3.5,610.73334,579.2313690185547,906.5208129882812,912.578369140625,833.7391357421875,1015.2173461914062,252.90152,189.43140029907227,289.4527130126953,5.0,4.0,6.0,3.8695326,3.3955830931663513,4.223798036575317,3.087789,2.844953715801239,3.297674238681793,97.0,76.5,116.25,66.0,49.75,79.0,40.5,25.0,57.25,0.34564847,0.2582702860236168,0.42721886932849884,58.55997276306152,43.93490409851074,71.92296028137207,91.15975952148438,77.65734481811523,108.8795280456543,0.18341967,0.15766824781894684,0.2031838744878769,0.017335977,0.012019380228593946,0.025661172810941935,5.581249952316284,4.520833253860474,6.199013352394104,146.8742,133.98199272155762,154.16226959228516,0.51692843,0.5165646970272064,0.5447004288434982,775.805908203125,725.5288696289062,928.3559417724609,190.13624572753906,176.5004997253418,231.6355743408203,0.2150372788310051,0.1949784755706787,0.24858130887150764,2561.0226987029178,1864.3362309633562,3313.364248970623,0.4261554517926275,0.42086173197065363,0.44531189349645117,0.1326026318423343,0.12590282936393538,0.13654730131411313,0.6476093246592094,0.6367959688771694,0.6657635097160246,0.2265101423450943,0.19784111585049388,0.23245199552428986,0.47353175487008936,0.47118368530726196,0.4762975555727054,0.5264682451299108,0.5237024444272945,0.528816314692738
CZ,8,585.06274,501.9456787109375,629.273681640625,364.95544,346.1312789916992,375.341552734375,523.57697,496.3251190185547,544.7179412841797,430.0819,407.24388122558594,492.57850646972656,135.02121,126.2510986328125,147.06765365600586,291.17206,276.92332458496094,300.87437438964844,351.7665,311.7434310913086,360.5221710205078,373.4681,351.7839889526367,428.77723693847656,389.6131,364.26773834228516,408.76107025146484,785.9287,734.2335357666016,819.6340179443359,197.88399,193.34037017822266,216.82817840576172,0.0,0.0,0.0,1.0,0.75,1.0,0.0,0.0,0.0,0.0,0.0,0.0,9.0,7.75,10.25,1.5,1.0,2.0,1.0,0.75,1.0,0.5,0.0,1.0,0.5,0.0,1.0,0.0,0.0,0.0,4.0,3.0,4.0,206.64914,187.3999481201172,263.33614349365234,818.5523071289062,747.2701110839844,906.03759765625,273.53265,268.18955993652344,280.5749969482422,6.0,5.0,6.0,3.974134,3.7439032793045044,4.065131187438965,3.0679202,2.9843389987945557,3.2306987047195435,167.0,149.0,198.25,103.0,95.0,117.0,78.5,73.5,100.0,0.52992564,0.4948100075125694,0.6040744781494141,82.47903823852539,68.34894943237305,101.71930694580078,39.998321533203125,38.3315372467041,44.396321296691895,0.2349888,0.17711945623159409,0.2449110969901085,0.06674271,0.05113597307354212,0.07720238901674747,5.8216376304626465,5.3125001192092896,6.3099424839019775,107.61397,102.8799057006836,132.3017349243164,0.53586185,0.5311838388442993,0.5422823876142502,807.9030456542969,665.4620361328125,1051.09423828125,209.4755096435547,172.04774856567383,268.3390808105469,0.1779901385307312,0.17252681776881218,0.18467407673597336,3004.686150515917,2795.6803274175563,3535.474029048078,0.5286726236750414,0.5203731210691063,0.5362851368051529,0.150882657281729,0.14773593507324326,0.15234931880759564,0.6489964506877228,0.6410255653180164,0.6528209460962558,0.19574316472828152,0.1874031229775042,0.20701776888445525,0.48646787514663936,0.47999470066009986,0.49381354703031743,0.5135321248533606,0.5061864529696826,0.5200052993399001
SE,7,520.7443,503.1128692626953,562.6992492675781,408.9082,392.6449279785156,451.3862609863281,685.56226,654.4783630371094,738.7973937988281,477.8467,400.2721405029297,598.8198852539062,178.24635,164.91300201416016,227.48443603515625,394.54056,342.11354064941406,418.1787567138672,406.7588,373.14820861816406,474.1437225341797,530.4612,477.73912048339844,544.9189147949219,375.77197,373.2983093261719,483.09539794921875,735.84503,651.1588745117188,752.4169616699219,340.8562,314.95848083496094,354.5290222167969,0.0,0.0,0.0,0.0,0.0,0.5,0.0,0.0,0.0,0.0,0.0,0.0,4.0,2.5,5.0,0.0,0.0,1.0,0.0,0.0,1.0,0.0,0.0,0.0,1.0,0.0,1.0,0.0,0.0,0.0,1.0,1.0,1.0,322.68597,305.8043518066406,593.1089477539062,801.006103515625,785.8560180664062,824.595458984375,284.74115,269.7030334472656,321.9173278808594,5.0,3.5,5.0,3.667657,3.025423526763916,3.7990097999572754,2.9999995,2.678362488746643,3.061156392097473,166.0,151.5,200.0,101.0,94.0,119.0,77.0,69.0,101.5,0.5087252,0.479279100894928,0.6116155087947845,54.01797103881836,50.70613479614258,71.18088912963867,80.56877899169922,72.5864486694336,129.41581344604492,0.33775264,0.2553020566701889,0.43653522431850433,0.026263265,0.014350255019962788,0.03467597346752882,6.0,5.671428680419922,6.333333492279053,139.58864,130.19954681396484,160.9198226928711,0.5301659,0.5085923969745636,0.5339256525039673,919.05029296875,878.6825561523438,1254.7891235351562,237.15283203125,223.38241577148438,316.4740295410156,0.16596940159797668,0.1474403664469719,0.18417540192604065,2596.643543269184,2049.9862112718733,3128.7066354035505,0.5055570193318872,0.4708295025344188,0.5173493360532486,0.17344454147638805,0.1670108010630637,0.18139722890004745,0.641402382222753,0.6366752977017529,0.663325723155691,0.16495158722348646,0.15761605604164347,0.1874730249852245,0.500650122903327,0.499216075345435,0.5019959385432438,0.49925377180097014,0.4977812576192724,0.5006467763820441
RO,7,464.19916,405.7668151855469,476.54640197753906,411.13477,350.49903869628906,426.4169616699219,483.87988,471.6048889160156,523.3908386230469,396.7849,352.6127471923828,505.7646026611328,117.835175,112.01316833496094,150.58867645263672,316.5503,279.44189453125,338.77423095703125,356.451,323.3006896972656,412.33921813964844,283.11377,265.6175842285156,349.8914794921875,417.49316,398.0555419921875,454.08924865722656,535.3745,495.408935546875,558.0156860351562,205.8262,178.2931900024414,243.80795288085938,0.0,0.0,0.0,0.0,0.0,1.0,0.0,0.0,0.0,0.0,0.0,1.0,11.0,6.0,12.0,1.0,1.0,1.5,1.0,0.0,1.0,1.0,0.5,1.0,0.0,0.0,0.0,0.0,0.0,0.0,3.0,2.0,4.5,631.73456,581.9234924316406,685.8770751953125,681.4335327148438,591.6605224609375,794.1909484863281,343.35065,316.45079040527344,452.60960388183594,6.0,4.5,6.5,3.8389301,3.3946458101272583,4.161760687828064,2.9195712,2.7642041444778442,3.17808198928833,89.0,75.0,100.5,68.0,57.0,69.0,39.0,31.0,42.5,0.34087738,0.29715773463249207,0.34947478771209717,101.58654022216797,85.62785339355469,165.05330276489258,107.2917709350586,45.064430236816406,153.7573699951172,0.16787103,0.1013050228357315,0.21081730723381042,0.00897527,0.004771985579282045,0.04371635802090168,5.666666507720947,4.791666746139526,6.776785850524902,153.26224,144.33546447753906,161.9159698486328,0.53915256,0.5288703441619873,0.5430803000926971,1012.0318603515625,827.5515747070312,1273.8248291015625,270.52508544921875,211.0810775756836,323.89476013183594,0.23502438515424728,0.21520837396383286,0.24877872690558434,3772.4535999982427,2385.345815895018,4159.466053327206,0.4864427603992289,0.46763561263977627,0.5002516909947986,0.14688803439029552,0.1409310286987156,0.15438087078967688,0.6421772184985142,0.6363824020849763,0.6626982427619832,0.20190732050583457,0.1902044035974686,0.2153591660853946,0.4705019450934757,0.46605447389046784,0.47219724118582246,0.5294980549065242,0.5278027588141776,0.5339455261095322
AT,6,643.0312,534.5363616943359,686.3790588378906,414.86157,400.061279296875,419.00370025634766,578.1156,553.3894805908203,612.4736175537109,556.0332,517.4706420898438,569.7787170410156,158.78722,148.07040405273438,167.9059295654297,317.15622,312.2235870361328,349.4830093383789,482.36508,447.46146392822266,511.0321960449219,368.31485,362.77466583251953,375.47753143310547,431.63022,392.95892333984375,461.8153991699219,652.7542,616.5497589111328,699.5538330078125,254.68561,250.17086791992188,268.9723892211914,0.0,0.0,0.0,0.0,0.0,0.0,0.0,0.0,0.0,0.0,0.0,0.0,6.0,5.0,7.0,1.0,1.0,1.0,0.0,0.0,0.0,1.0,0.25,1.0,0.0,0.0,0.0,0.0,0.0,0.0,2.0,2.0,2.0,304.22565,285.43421936035156,313.89778900146484,583.2625122070312,489.5853042602539,620.0724487304688,253.84105,248.82504653930664,256.61508560180664,5.0,5.0,5.0,3.6194324,3.4210773706436157,3.668019652366638,2.8490186,2.7805697917938232,2.917669951915741,133.5,119.25,146.25,86.0,81.0,91.75,58.5,54.25,63.5,0.43913314,0.40975919365882874,0.46461309492588043,93.20157623291016,88.241455078125,93.73191833496094,66.13363647460938,60.33595275878906,72.0371322631836,0.15068373,0.0929624643176794,0.2013806253671646,0.023558464,0.008338095154613256,0.034005630761384964,7.0,6.572727203369141,7.315789699554443,139.21906,130.15935134887695,149.14640426635742,0.55858916,0.5560184121131897,0.5602835863828659,963.52880859375,954.7896118164062,1343.1885986328125,247.73159790039062,239.23895263671875,346.813720703125,0.22253169119358063,0.2160082757472992,0.2357795685529709,2769.1060488804746,2528.787603661429,2899.031527422679,0.5003505598026547,0.49204743639589194,0.505325169061249,0.1337248184111547,0.12845051630246523,0.1386074448735574,0.6616515290247819,0.6585921028923343,0.673453925772435,0.19247271557790577,0.18545217052271598,0.2038586760466115,0.48789928246222203,0.4800354055917113,0.4918113641359484,0.5114711339680872,0.5080284917261713,0.5179569743545425
SK,6,575.1459,558.1508331298828,621.71826171875,309.77863,292.55663299560547,367.6434631347656,452.83673,417.85953521728516,544.0373840332031,499.13123,455.9020690917969,502.75245666503906,136.08424,132.90599060058594,162.78808212280273,258.68076,255.31669998168945,285.7696990966797,336.85925,301.0924758911133,384.2959442138672,368.51788,339.38680267333984,448.6780471801758,406.6454,353.4267272949219,461.6674499511719,750.729,726.0621032714844,756.0384521484375,189.28116,183.47490310668945,228.52220153808594,0.0,0.0,0.0,1.0,0.25,1.0,0.0,0.0,0.0,0.0,0.0,0.0,8.0,5.75,8.75,1.5,1.0,2.0,0.5,0.0,1.0,0.5,0.0,1.0,0.5,0.0,1.0,0.0,0.0,0.0,4.5,2.5,5.0,418.59644,245.49392700195312,460.5516891479492,614.9701232910156,535.52392578125,731.2854766845703,259.05444,246.21840286254883,264.77366638183594,6.0,5.25,6.75,4.1312885,3.7532134652137756,4.489002585411072,3.1351347,2.999999523162842,3.3098750710487366,178.5,146.0,189.25,116.5,93.75,125.0,101.5,68.0,114.0,0.62350595,0.48334870487451553,0.6579384058713913,80.35283279418945,60.277915954589844,99.98906898498535,60.40786361694336,47.72977638244629,66.7579345703125,0.15061504,0.14171310886740685,0.17067960649728775,0.04450973,0.034475302323699,0.05440538562834263,6.977335214614868,6.310924530029297,7.372596383094788,104.488434,94.03537368774414,113.93917655944824,0.5235791,0.5196518748998642,0.5292048901319504,760.1844177246094,742.1235198974609,929.5551605224609,193.59776306152344,188.91491317749023,242.71773529052734,0.17623727023601532,0.16682841628789902,0.19234689697623253,3406.540512496388,2409.2871711914017,3856.619756248194,0.49570665111656165,0.4922877937767538,0.5097179373086841,0.14032290815104123,0.1385927255951355,0.14913767427073538,0.6513933832032379,0.6450197953359504,0.6526254120058022,0.2045928984975736,0.19254649757867198,0.21099205743743232,0.47917583638921324,0.476444976792758,0.4805921507672172,0.5208241636107868,0.5194078492327829,0.523555023207242
HR,5,415.3802,247.29940795898438,436.7872314453125,365.78076,305.691162109375,396.4674987792969,530.04645,464.74078369140625,557.2927856445312,400.8529,373.98907470703125,441.577392578125,141.7348,124.24436950683594,143.8705291748047,251.0071,216.41539001464844,265.1544494628906,375.29437,306.19354248046875,408.7390441894531,319.09564,316.6992492675781,444.93438720703125,350.69434,314.72052001953125,459.6751708984375,622.9421,568.63671875,629.8827514648438,226.01993,185.77005004882812,235.7205810546875,0.0,0.0,2.0,1.0,0.0,1.0,0.0,0.0,0.0,0.0,0.0,1.0,6.0,5.0,10.0,2.0,2.0,3.0,0.0,0.0,1.0,1.0,0.0,1.0,1.0,0.0,1.0,0.0,0.0,0.0,2.0,2.0,4.0,519.57336,373.2125549316406,581.740966796875,846.3731689453125,758.1302490234375,877.5557861328125,286.5022,251.7954864501953,287.6615905761719,6.0,6.0,7.0,4.462161,4.1815643310546875,4.650373458862305,3.521739,3.3872227668762207,3.6571428775787354,126.0,113.0,130.0,77.0,75.0,84.0,48.0,47.0,61.0,0.39077932,0.3906719982624054,0.4351954460144043,106.52743530273438,97.6773452758789,113.20552062988281,52.20311737060547,39.768310546875,77.95736694335938,0.20967351,0.14961209893226624,0.21394726634025574,0.035119746,0.016570638865232468,0.04468575119972229,6.636363506317139,5.0,7.05555534362793,139.07086,135.1386260986328,140.58505249023438,0.57220334,0.5703529119491577,0.5779998302459717,904.2031860351562,692.523681640625,989.90576171875,242.39292907714844,176.67132568359375,256.6545104980469,0.21086983382701874,0.18966563045978546,0.22362379729747772,3473.1537831221403,2996.6061718887586,4873.089200340349,0.42968502389940255,0.42743446875535784,0.4422073753412231,0.1452093012697362,0.13322913239638762,0.14988508246691976,0.6424654599568284,0.633938760995174,0.6453388251073272,0.20373856411231756,0.201505056647435,0.2215265574444989,0.46960793926087663,0.46686349788387493,0.4747958536175191,0.5306916165647405,0.5247057458998274,0.5329729116131198
GR,4,383.12512,329.4712257385254,415.59901428222656,296.1385,260.5531692504883,349.19761657714844,447.23328,408.50989532470703,509.2199478149414,458.6496,417.13084411621094,498.3328323364258,155.67282,133.958251953125,182.32225036621094,229.99498,221.16097259521484,241.9125747680664,292.48383,277.2658920288086,311.58387756347656,404.04846,377.46803283691406,413.3517379760742,457.06335,427.78649139404297,492.92095947265625,553.3003,513.3234252929688,598.9212341308594,181.62271,172.01140594482422,204.0374984741211,0.5,0.0,1.25,1.0,0.75,1.25,0.0,0.0,0.0,0.0,0.0,0.0,6.0,4.5,8.5,2.5,2.0,3.25,1.0,1.0,1.25,0.0,0.0,0.25,0.0,0.0,0.0,0.0,0.0,0.0,3.5,2.75,5.0,661.02875,643.6441802978516,704.3245849609375,885.9248046875,825.9862670898438,909.7236328125,343.3697,251.48258590698242,442.3461608886719,6.5,5.75,7.0,4.56919,4.341744899749756,4.7102004289627075,3.6278913,3.575238347053528,3.7141215205192566,156.5,145.25,172.5,95.0,91.0,101.0,73.0,66.25,81.0,0.48447078,0.4520347937941551,0.5229164138436317,57.38352584838867,53.279680252075195,110.9481029510498,69.69157409667969,57.62787628173828,113.99564361572266,0.13937803,0.0727250687777996,0.20735925063490868,0.010824791,0.003421723027713597,0.02464237716048956,5.299999952316284,4.931818127632141,5.524999976158142,145.05307,131.64517974853516,157.79983520507812,0.5628098,0.5582084804773331,0.5639116317033768,828.7957763671875,764.5554504394531,880.9502868652344,197.95899200439453,188.58928298950195,204.42816543579102,0.20992961525917053,0.1996750608086586,0.22828450053930283,2804.8582941903733,2517.544940001804,3576.1910083815055,0.4073821133310459,0.3886980124697125,0.42287296033261407,0.16273882414715746,0.15657038871197573,0.16755828080602803,0.6602123790425787,0.6568259656526989,0.6649330911237051,0.17488488572102717,0.16686831682748582,0.18236106476613906,0.4846626170116786,0.48417457054817203,0.4854472430176179,0.5143182744283066,0.5137599349377237,0.5147715470378156
FI,4,752.079,692.5018768310547,831.1170196533203,478.81354,436.16197967529297,519.857177734375,738.02167,706.1469879150391,755.9638519287109,411.73267,393.19385528564453,453.0692443847656,229.03175,202.89334106445312,254.84860229492188,427.34393,420.6803207397461,452.2340850830078,603.08795,551.8710250854492,635.5723876953125,564.44244,519.5454635620117,610.4537353515625,524.6217,464.2258529663086,586.9680480957031,775.53955,762.1746368408203,807.5639953613281,377.4179,356.39656829833984,397.8614807128906,0.0,0.0,0.0,0.0,0.0,0.0,0.0,0.0,0.0,0.0,0.0,0.25,2.5,2.0,3.25,0.0,0.0,0.0,0.0,0.0,0.0,0.0,0.0,0.0,0.0,0.0,0.0,0.0,0.0,0.0,1.0,0.75,1.0,369.8043,346.5396423339844,428.85206604003906,786.0628967285156,774.8979949951172,814.2979431152344,241.65826,232.05797958374023,251.5999984741211,3.5,3.0,4.0,2.9142137,2.803779900074005,3.0924805402755737,2.560606,2.411108136177063,2.7058823704719543,187.5,155.5,230.25,107.5,94.5,124.5,87.0,72.0,107.75,0.5576027,0.49438178539276123,0.6408236473798752,42.66910171508789,30.335986614227295,49.70426368713379,72.99945068359375,66.04791641235352,91.3019962310791,0.3620871,0.33388687670230865,0.39448268711566925,0.024915257,0.02104003820568323,0.03105950728058815,5.426470518112183,5.1397058963775635,5.824999928474426,136.23337,126.33189964294434,150.1319808959961,0.5237421,0.5170888602733612,0.5305167734622955,844.6694030761719,810.4945220947266,948.4489440917969,211.65541076660156,200.68921279907227,237.29703903198242,0.1367715299129486,0.13212152756750584,0.14649247750639915,1907.40158056743,1784.8574682592537,2178.0549546123416,0.43109581299408706,0.41226689640409026,0.44453328063777475,0.14429510054812805,0.12994924460256863,0.1579022404181491,0.640681158512447,0.625761003168547,0.655071838713501,0.1947318352949447,0.17624732854681927,0.2199698886199154,0.48500458077925424,0.48199302823833656,0.4868616071762214,0.5138294550976503,0.5133892851777239,0.516062868347483
DK,4,607.578,561.7177429199219,663.1837615966797,424.26608,403.8888397216797,431.8505554199219,691.1837,650.134521484375,694.9266357421875,486.27063,455.653564453125,510.85144805908203,187.63855,174.61594009399414,195.3831024169922,446.6703,418.2315139770508,462.09639739990234,431.84933,412.7268600463867,445.40411376953125,414.82178,378.67903900146484,443.92572021484375,397.89172,374.9729537963867,419.6897888183594,726.3981,695.9513854980469,762.9755401611328,309.03836,291.8283157348633,322.32643127441406,0.0,0.0,0.0,0.0,0.0,0.25,0.0,0.0,0.0,0.0,0.0,0.0,3.5,3.0,4.25,0.0,0.0,0.25,0.0,0.0,0.0,0.5,0.0,1.0,0.5,0.0,1.0,0.0,0.0,0.0,1.0,1.0,1.25,384.37683,354.5764923095703,423.56615447998047,799.0382690429688,732.1857452392578,864.3147735595703,305.745,294.3329162597656,327.21038818359375,4.5,4.0,5.25,3.6157486,3.4308658242225647,3.853820264339447,2.975882,2.8762627243995667,3.124361515045166,170.5,168.75,177.25,101.5,99.75,105.0,77.0,76.0,79.5,0.5174979,0.5139829963445663,0.5309303551912308,105.6295280456543,97.35003662109375,126.18085289001465,70.55470657348633,65.5234603881836,73.45907402038574,0.15958424,0.14741243049502373,0.17567605897784233,0.038188636,0.033795468509197235,0.043040855787694454,5.0,4.958333253860474,5.275669574737549,98.33336,79.73145294189453,120.0441951751709,0.51140714,0.5087407976388931,0.5154753476381302,641.2245788574219,599.1044616699219,687.7225646972656,158.81307220458984,145.22501754760742,176.3992576599121,0.20658966898918152,0.199505053460598,0.2141677662730217,2034.5854430656286,1768.155964685484,2457.2119180350664,0.4807501609166905,0.47554383510428677,0.48717237079427633,0.15780601465884156,0.1556102258033614,0.16344585123566616,0.6616018097919791,0.6513679667107488,0.6754654502678661,0.1689994604943172,0.16002782805872806,0.1731811277856011,0.49556385602659264,0.4941829218398207,0.4986826876769166,0.5044361439734073,0.5013173123230834,0.5058170781601793
NO,3,722.56177,693.033447265625,723.4898681640625,450.73212,444.12391662597656,503.6305236816406,675.0446,666.4242248535156,704.7511291503906,507.51517,496.27064514160156,518.6093292236328,203.8689,194.3982391357422,220.79638671875,538.3976,531.417236328125,573.95458984375,412.86786,407.8015899658203,435.8148498535156,487.4402,479.7110900878906,511.385986328125,503.9565,488.5308532714844,550.8299407958984,759.71173,721.413330078125,780.8971252441406,334.62662,313.58351135253906,371.40818786621094,0.0,0.0,0.0,0.0,0.0,0.0,0.0,0.0,0.0,0.0,0.0,0.0,3.0,2.5,3.5,0.0,0.0,0.0,0.0,0.0,0.0,0.0,0.0,0.0,0.0,0.0,0.0,0.0,0.0,0.0,1.0,0.5,1.0,362.52014,355.241943359375,397.42559814453125,661.1904296875,622.3089904785156,748.6312866210938,318.81235,299.00779724121094,327.51527404785156,4.0,3.5,4.0,3.0,2.793204665184021,3.184330463409424,2.631579,2.3575899600982666,2.7046782970428467,163.0,135.5,202.5,95.0,83.0,113.0,68.0,55.5,89.5,0.48805922,0.4314524084329605,0.5743648707866669,78.04945373535156,73.24640655517578,83.10405731201172,57.623409271240234,51.855384826660156,66.33270072937012,0.244075,0.24256885051727295,0.6589445769786835,0.03269636,0.026859043166041374,0.04303858056664467,5.0,4.914285659790039,5.177083492279053,94.24292,88.2284927368164,97.73048400878906,0.5527457,0.5521949827671051,0.5553319752216339,515.9528198242188,476.1189880371094,529.5679016113281,117.76124572753906,108.48672866821289,123.283203125,0.18300476670265198,0.1828954964876175,0.20325839519500732,2289.732435724608,2184.092318557653,2410.6785745116067,0.504940996171825,0.5031307003749875,0.5063977401375805,0.1869080036185526,0.18119181048575414,0.18842510702580706,0.6605756300334765,0.6593936980598938,0.6606090678473848,0.14945686326382124,0.1470603167462363,0.1513396457909969,0.5003536320604355,0.4996425368775475,0.5027390595864709,0.49964636793956446,0.497260940413529,0.5003574631224524
CY,3,744.169,716.6728515625,748.9714660644531,354.39148,336.5124206542969,365.4748840332031,546.98663,536.6207580566406,569.8780212402344,546.20166,540.3857421875,589.4686279296875,177.37376,163.39636993408203,178.0736312866211,315.44885,309.012939453125,325.96568298339844,300.39966,299.15313720703125,322.1170654296875,358.9518,346.6500549316406,367.8074188232422,532.2528,482.6205749511719,560.1459655761719,680.07104,675.974365234375,715.9446411132812,247.48392,235.61509704589844,252.7415008544922,0.0,0.0,0.0,1.0,1.0,1.0,0.0,0.0,0.0,0.0,0.0,0.0,6.0,5.0,7.0,1.0,1.0,1.0,1.0,1.0,1.0,1.0,0.5,1.0,0.0,0.0,0.0,0.0,0.0,0.0,2.0,2.0,2.5,649.10236,625.4721984863281,728.145751953125,299.43359375,271.7729949951172,326.3009796142578,249.7766,239.73060607910156,257.2302780151367,5.0,5.0,5.5,4.0630975,3.9280506372451782,4.092072010040283,3.266788,3.225499153137207,3.31946861743927,157.0,156.5,159.5,93.0,92.5,94.5,63.0,62.5,64.0,0.452123,0.4489269256591797,0.458303302526474,171.69058227539062,163.80491638183594,179.5762481689453,197.3122901916504,160.44547080993652,234.17910957336426,0.076249614,0.03812480717897415,0.09042452275753021,0.001193979,0.0005969895282760262,0.004074188880622387,4.7272725105285645,4.5997474193573,5.940559387207031,183.45737,171.22137451171875,195.78337860107422,0.5540699,0.5535756349563599,0.5543771982192993,926.6505737304688,858.9343872070312,1212.2057189941406,223.37551879882812,203.47181701660156,304.8961944580078,0.2508169263601303,0.2462281659245491,0.2554056867957115,2654.495985863329,2497.491232146075,2834.0411943153804,0.44838981252336274,0.44678142112966596,0.4509673750782808,0.14897234706959578,0.14167522652159928,0.15299191023504954,0.689669066985275,0.6848187020103765,0.6899676543618775,0.15891975369208536,0.1525623876252637,0.1714375672883392,0.4814095435110557,0.4772635567532757,0.48357927864616385,0.5187484008680168,0.5151835657933552,0.5227508199382496
