bounds_fid,City,Country,Nodes Sampled,Total Nodes,Pop Density,Coverage Ratio,% Cluster 0,% Cluster 1,% Cluster 2,% Cluster 3,Data Quality
488,Zadar,HR,7937,7937,2917.969446075824,0.19937222677287345,90.4119944563437,0.3905757843013733,4.447524253496283,4.749905505858637,OK
133,,,2033,2033,2993.108137085388,0.19825719955330198,86.32562715199214,0.0,5.902606984751599,7.771765863256272,OK
359,Érd,HU,8901,8901,2041.2709370551806,0.1714310310465637,85.10279743849006,0.011234692731153803,1.988540613414223,12.897427255364565,OK
550,Pescara,IT,10000,19386,86724.25847198673,0.2485528073126295,82.04,0.0,6.140000000000001,11.82,OK
489,Forlì,IT,10000,10055,2536.152095256857,0.20024131497779868,75.33999999999999,0.0,17.34,7.32,OK
321,Nitra,SK,10000,11948,2872.400148930383,0.14679115855854313,72.82,0.15,6.78,20.25,OK
344,Unirea,RO,5003,5003,3117.303778436437,0.1748907000179121,72.17669398360982,0.0,8.894663202078751,18.928642814311413,OK
380,Thalwil,CH,2580,2580,4059.905724496674,0.23154764739108857,72.09302325581395,0.0,1.0465116279069768,26.86046511627907,OK
386,Biel/Bienne,CH,8127,8127,3885.440466838201,0.219668457231407,68.58619416758953,0.1353512981419958,10.409745293466225,20.868709240802264,OK
493,Rimini,IT,10000,14174,6687.3480381132185,0.22903690603151342,67.81,0.15,10.61,21.43,OK
506,Prato,IT,10000,17657,3400.17025241799,0.24431711638985118,67.72,0.31,22.86,9.11,OK
123,Den Haag,NL,16607,83039,inf,0.26664892306331184,66.91154332510388,0.19268982958993197,13.024628168844462,19.871138676461733,OK
417,Valea Voievozilor,RO,3981,3981,5219.226900541205,0.21579189685270794,66.74202461693042,0.0,15.197186636523485,18.060788746546095,OK
372,Szombathely,HU,8410,8410,2832.52704456115,0.16518548986636325,66.34958382877527,0.20214030915576697,7.966706302021404,25.48156956004756,OK
426,Pitești,RO,6962,6962,6106.172306553852,0.19825895388526768,64.50732548118356,0.15800057454754382,20.295891985061765,15.038781959207123,OK
240,Jirkov,CZ,8214,8214,3350.14190380581,0.14620252452514976,63.48916484051619,0.0,12.320428536644751,24.190406622839056,OK
502,Pesaro,IT,7483,7483,11620.68060497633,0.22919201066516096,62.99612454897768,0.681544834959241,9.55499131364426,26.76733930241881,OK
377,Kecskemét,HU,9146,9146,2946.9018595374523,0.20272190884747815,62.43166411546031,0.021867483052700636,18.401486988847584,19.144981412639407,OK
349,Győr,HU,10000,10886,3515.540790426246,0.177384085671052,62.43,0.66,10.620000000000001,26.290000000000003,OK
518,Вилна зона,BG,7828,7828,5166.982636349083,0.19793591328659996,62.0464997445069,0.1021972406745018,23.54368932038835,14.307613694430248,OK
410,Saint-Julien-en-Genevois,CH,10000,38028,7343.088376627335,0.22500628658334393,61.9,0.13999999999999999,11.52,26.44,OK
303,Manolești,RO,5085,5085,6586.466342219024,0.1924173479642208,61.86823992133726,0.058997050147492625,17.52212389380531,20.55063913470993,OK
124,Berkel en Rodenrijs,NL,10000,15189,3389.6521335529055,0.21862843710153157,61.839999999999996,0.19,2.97,35.0,OK
290,Mantes-la-Jolie,FR,10000,10555,3098.3867083458767,0.1639972336788116,61.07,0.03,14.26,24.64,OK
50,Koszalin,PL,10000,13143,4109.538150328735,0.15825179124877245,60.96,0.06,15.620000000000001,23.36,OK
112,Soest,NL,9222,9222,2430.057698430825,0.18498238167430933,60.583387551507265,0.02168726957276079,4.369984818911298,35.02494036000868,OK
134,Ridderkerk,NL,2781,2781,3498.2050128604305,0.22174344219845718,60.373966199208915,1.0068320747932398,9.70873786407767,28.91046386192017,OK
49,Ełk,PL,7482,7482,4803.784196988256,0.16335944783578174,60.07751937984496,0.013365410318096765,26.4635124298316,13.445602780005347,OK
406,Buzău,RO,5408,5408,5668.078256421644,0.24682467613738804,59.966715976331365,0.07396449704142012,10.706360946745562,29.252958579881653,OK
203,Sittard,NL,10000,17637,2015.7142997113144,0.19687482388042912,59.589999999999996,0.33,10.02,30.06,OK
462,Русе,BG,9215,9215,5485.001711704576,0.21747671882397132,59.522517634291916,0.08681497558328813,21.313076505697232,19.077590884427565,OK
84,Legionowo,PL,8922,8922,3816.1164555273385,0.13739492565563297,59.41492938802959,0.0,20.86976014346559,19.71531046850482,OK
471,Carpi,IT,7327,7327,2817.2149618253816,0.18976996150203856,59.328510986761295,0.0,14.030298894499795,26.641190118738912,OK
490,Pontevedra,ES,7344,7344,4263.524473219857,0.19721695254403498,58.55119825708061,0.1497821350762527,11.655773420479303,29.643246187363836,OK
241,Valenciennes,FR,10000,17322,2409.6020485243253,0.20974218172147305,58.269999999999996,0.38999999999999996,19.85,21.490000000000002,OK
448,Rijeka,HR,10000,12299,3576.006537112324,0.16190030319692755,58.08,0.01,7.26,34.65,OK
220,Aachen,DE,10000,27336,3573.575388078582,0.1950323308153867,57.84,0.11,16.39,25.66,OK
413,Ploiești,RO,10000,10075,5667.986794108721,0.2241832781670079,57.64,0.04,12.85,29.470000000000002,OK
273,Mitte-Gartenfeld,DE,10000,15108,2345.316786057966,0.20383830569420117,57.26,0.12,7.6499999999999995,34.97,OK
91,Alkmaar,NL,10000,15560,3572.93667013715,0.21870927096553075,57.16,0.24,11.52,31.080000000000002,OK
353,Budapest,HU,10000,10817,2291.507408097974,0.16978787417522986,57.11000000000001,0.0,4.46,38.43,OK
233,Douai,FR,10000,15134,1829.1408484282863,0.18051054016222504,56.97,0.06,15.340000000000002,27.63,OK
242,Plauen,DE,10000,10779,2186.3719004644186,0.1561615178049055,56.97,0.0,2.4699999999999998,40.56,OK
373,Wittenbach,CH,10000,12775,2942.1791451683403,0.21597716224008606,56.830000000000005,0.04,15.35,27.779999999999998,OK
217,Liberec,CZ,10000,16283,2509.9900828900372,0.14426531772643383,56.79,0.08,6.1,37.03,OK
254,Ostrava,CZ,10000,13396,2464.668672392006,0.16876621044002116,56.74,0.32,12.920000000000002,30.020000000000003,OK
56,Limerick,IE,8915,8915,2979.358041064253,0.18298250760423676,56.6573191250701,0.538418395961862,2.8491306786315196,39.95513180033651,OK
177,Hagen-Mitte,DE,10000,25076,2784.058114261128,0.17591112676331636,56.65,0.06999999999999999,4.25,39.03,OK
89,Heerhugowaard,NL,10000,10413,2890.3308452087763,0.1899096165985634,56.58,0.03,7.99,35.4,OK
269,Bamberg,DE,10000,12250,2478.060007404341,0.1922951959051926,56.54,0.02,8.89,34.55,OK
81,Hasbergen,DE,8222,8222,2663.068161132772,0.20593412466948424,56.348820238384825,0.10946241790318657,3.904159571880321,39.63755777183167,OK
336,Leonding,AT,10000,34529,3465.2693919262424,0.22545518582199006,56.279999999999994,0.22999999999999998,13.58,29.909999999999997,OK
137,Ridderkerk,NL,10000,13103,3512.83178128999,0.23385580616776,56.220000000000006,0.61,5.71,37.46,OK
173,Venlo,NL,10000,16594,2531.0599064138282,0.22398734000717632,56.18,0.32,14.510000000000002,28.99,OK
191,Alt-Remscheid,DE,10000,11063,2512.403924958387,0.18849625238955095,55.76,0.02,4.6899999999999995,39.53,OK
590,Νεόκτιστα,GR,10000,33249,13466.841003943768,0.43669505400599495,55.65,0.0,2.13,42.22,OK
224,Liège,BE,10000,45758,2971.0264260274103,0.20368442679824889,55.64,0.24,8.709999999999999,35.410000000000004,OK
228,Lens,FR,10000,35869,1980.477768931441,0.17101845257861714,55.620000000000005,0.24,11.41,32.73,OK
223,Stadtbezirk Bonn,DE,14873,74368,3053.844450529803,0.19631680580429256,55.570496873529216,0.06723593088146305,6.7639346466751835,37.59833254891414,OK
48,Fingal,IE,10000,14735,3459.793582987591,0.15103104633155984,55.46,0.52,9.75,34.27,OK
82,Włocławek,PL,8721,8721,4230.244104291586,0.16731439590188935,55.429423231280815,0.10319917440660474,25.00859993120055,19.458777663112027,OK
114,Leiden,NL,10000,41624,inf,0.25551032796994194,55.1,0.1,10.47,34.33,OK
388,Luzern,CH,10000,22514,3425.960556568,0.21571862812261572,54.87,0.15,6.52,38.46,OK
319,Trnava,SK,8673,8673,3432.788355163907,0.19478041184568556,54.364118528767435,0.10377032168799724,35.99677158999193,9.535339559552634,OK
391,Bern,CH,10000,29442,3657.811583609635,0.21639972466135235,54.25,0.08,12.870000000000001,32.800000000000004,OK
383,Zürich,CH,17097,85487,4906.585359795977,0.2201131813679128,54.10305901620167,0.029244896765514415,13.563783119845588,32.30391296718722,OK
348,Angers,FR,10000,39874,2811.698344874775,0.19598012886443955,54.02,0.09,18.5,27.389999999999997,OK
400,Sibiu,RO,10000,10113,4368.414040910122,0.21788852357003036,53.93,0.35000000000000003,11.700000000000001,34.02,OK
351,Măgura,RO,6858,6858,5623.641832435281,0.2218104201877494,53.805774278215225,0.029163021289005542,28.142315543890344,18.022747156605423,OK
239,Charleroi,BE,10000,25625,2323.9284985329605,0.22799475644869657,53.52,0.19,5.58,40.71,OK
366,Székesfehérvár,HU,8811,8811,3597.290226434185,0.19153623430341632,53.228918397457726,0.05674724775848371,31.971399387129722,14.74293496765407,OK
229,Gliwice,PL,10000,19532,3613.4104083671696,0.14225331457071624,53.15,0.15,6.140000000000001,40.56,OK
127,Veenendaal,NL,10000,10430,3365.0168219178513,0.23682763416651711,53.12,0.08,8.870000000000001,37.93,OK
186,Elberfeld,DE,10000,45046,3216.3878045554347,0.18228826934728898,52.959999999999994,0.04,4.18,42.82,OK
119,Zoetermeer,NL,10000,23360,4488.164090520152,0.23546283165862786,52.949999999999996,0.3,13.87,32.879999999999995,OK
331,Troyes,FR,10000,16971,2730.81573998174,0.193965209270818,52.72,0.01,19.08,28.189999999999998,OK
58,Sankt Gertrud,DE,10000,26186,2986.29045551984,0.201596197817314,52.55,0.21,5.0200000000000005,42.22,OK
221,Lille,FR,20314,101571,3958.9891444923455,0.23350231010350422,52.50073840700994,0.3544353647730629,29.1473860391848,17.997440189032194,OK
232,Gießen,DE,10000,13898,2722.9259998327393,0.18775805276169102,52.339999999999996,0.13999999999999999,6.87,40.65,OK
325,Ergolding,DE,10000,11794,2268.245621960616,0.20315162361222258,52.11,0.33999999999999997,11.95,35.6,OK
294,Saint-Germain-en-Laye,FR,10000,13326,3406.587245128942,0.17945302591758897,52.05,0.02,18.790000000000003,29.14,OK
188,Lüdenscheid,DE,7016,7016,3137.8701595058637,0.19563307445075806,51.96693272519954,0.0,3.3209806157354618,44.712086659064994,OK
367,Târgu Mureș,RO,10000,10727,4481.006018200677,0.21480792029031223,51.92,0.0,26.43,21.65,OK
497,Бургас,BG,6875,6875,8017.41443564952,0.21121604229143864,51.738181818181815,0.08727272727272728,30.312727272727276,17.861818181818183,OK
291,Košice,SK,10000,29117,5164.0264342206265,0.16222910806419769,51.559999999999995,0.06,13.87,34.510000000000005,OK
412,Limoges,FR,10000,23505,2634.1932243767706,0.18587902486644314,51.470000000000006,0.0,17.72,30.81,OK
136,Arnhem,NL,10000,31765,3461.863774883354,0.20997756949717472,51.43,0.36,7.06,41.15,OK
141,Zwijndrecht,NL,10000,34015,3977.2460624319237,0.2192145093374519,51.15,0.12,6.890000000000001,41.839999999999996,OK
381,Besançon,FR,10000,21636,2755.462797317337,0.1880967773488543,51.129999999999995,0.02,33.19,15.659999999999998,OK
389,Poitiers,FR,10000,18085,2292.174532904008,0.17482384618821317,51.12,0.02,26.200000000000003,22.66,OK
350,Tatabánya,HU,5923,5923,2674.9725106674614,0.13550462756311063,51.0383251730542,0.5571500928583488,29.005571500928585,19.39895323315887,OK
442,Busto Arsizio,IT,10000,35149,3073.8823457634257,0.2259784566912383,50.82,0.08,18.43,30.669999999999998,OK
154,Paderborn,DE,10000,20787,2696.080980803187,0.18306164658805799,50.78,0.26,8.25,40.71,OK
280,Senlis,FR,8300,8300,3625.3967443846286,0.16904757833836603,50.602409638554214,0.09638554216867469,26.626506024096386,22.674698795180724,OK
87,Warszawa,PL,10000,14377,4340.05999521966,0.12651529417248902,50.33,0.0,37.29,12.379999999999999,OK
256,Nowy Sącz,PL,8992,8992,2760.1526201013003,0.15167222459202181,50.189056939501775,0.0,7.061832740213523,42.7491103202847,OK
293,Saint-Germain-en-Laye,FR,3108,3108,3229.5013244814772,0.18381875244710266,50.0,0.0,19.433719433719435,30.566280566280568,OK
281,Innenstadt/Jungbusch,DE,12611,63056,3823.0320770533685,0.2278803061436203,49.47268257870113,0.09515502339227658,9.134882245658552,41.29728015224804,OK
192,Neuss,DE,10000,23443,2708.6823726891216,0.19919180412376417,49.35,0.27,8.33,42.05,OK
364,Verwaltungsgemeinschaft Konstanz,DE,8496,8496,4343.143871572984,0.20644057960438994,49.31732580037665,0.2236346516007533,9.533898305084746,40.925141242937855,OK
218,Düren,DE,10000,10282,2471.4446603981455,0.1891837703552557,49.07,0.25,6.710000000000001,43.97,OK
330,Reutlingen,DE,10000,16192,2839.0387864494155,0.19863779050170458,49.059999999999995,0.15,4.22,46.57,OK
574,Baix Llobregat,ES,4425,4425,8853.20412356631,0.32744027271800286,48.67796610169491,0.47457627118644063,42.71186440677966,8.135593220338983,OK
146,Nijmegen,NL,10000,23260,3849.3529971181633,0.2114150908294573,48.44,0.1,9.180000000000001,42.28,OK
79,Stadtgebiet Bremen,DE,11327,56638,3524.9921971907074,0.20872873010261025,48.38880550896089,0.5650216297342633,12.200935817074248,38.8452370442306,OK
394,Brașov,RO,10000,15624,5961.4567902225735,0.22707164860089657,48.32,0.29,25.790000000000003,25.6,OK
9,Sørås,NO,10000,38072,2570.270534962321,0.18537068411164012,48.3,0.06999999999999999,9.48,42.15,OK
423,Annecy,FR,10000,21523,3238.4283625985317,0.16996323138129935,48.19,0.06,28.810000000000002,22.939999999999998,OK
266,Aschaffenburg,DE,9546,9546,2604.114635586613,0.20339926297642888,48.12486905510161,0.06285355122564425,7.615755290173895,44.19652210349885,OK
460,Добрич,BG,6084,6084,4657.173505413939,0.18985586623750828,47.84681130834977,0.03287310979618672,25.213675213675213,26.90664036817883,OK
260,Havířov,CZ,8098,8098,3750.566345360084,0.11361852343423642,47.80192640158064,0.04939491232403062,5.137070881699185,47.01160780439615,OK
357,Budapest,HU,26278,131390,5203.17748629354,0.20816624069198228,47.56830809041784,0.12177486871146968,25.123677601035087,27.186239439835603,OK
503,Toulouse,FR,18613,93066,3553.638524471307,0.20527203287663565,47.445333906409495,0.05909847955729866,27.93209047439961,24.563477139633587,OK
379,Küsnacht (ZH),CH,4315,4315,3560.2943978178378,0.20640583809561605,47.32329084588645,0.0,1.7844727694090383,50.89223638470452,OK
222,Ústí nad Labem,CZ,10000,10011,2624.1540284090615,0.14460029530734628,47.18,0.0,7.76,45.06,OK
505,Ourense,ES,9382,9382,5617.790653789215,0.25230871453822434,47.12214879556598,0.0,16.840758900021317,36.0370923044127,OK
285,Reims,FR,10000,23334,3955.583052775727,0.24068364511348894,47.08,0.13,29.099999999999998,23.69,OK
421,Pordenone / Pordenon,IT,10000,10319,2121.513069534194,0.2055005817512526,47.04,0.31,17.37,35.28,OK
193,Nord,DE,10000,30063,2916.4621767046046,0.1929930611225813,46.96,0.04,3.71,49.29,OK
504,El Bierzo,ES,6937,6937,3286.298435068217,0.22610444560463827,46.936716159723225,0.14415453366008363,13.2766325500937,39.642496756522995,OK
29,Centrs,LV,10000,12964,2714.237040657042,0.1594819335123162,46.81,0.04,26.71,26.44,OK
326,Miroslava,RO,10000,15651,6439.065025443811,0.20129058713446504,46.73,0.33999999999999997,20.06,32.87,OK
202,Kortrijk,BE,9970,9970,2230.176996168723,0.24425412857036993,46.62988966900702,0.17051153460381144,31.07321965897693,22.126379137412236,OK
301,Rambouillet,FR,10000,23986,3847.227934343636,0.20406836913085655,46.6,0.18,31.69,21.529999999999998,OK
437,Gallarate,IT,10000,14991,2661.0879686038083,0.20886240654549004,46.339999999999996,0.01,9.049999999999999,44.6,OK
500,Сливен,BG,6639,6639,3851.0105474640955,0.18922423896860768,46.31721644826028,0.0,6.281066425666516,47.40171712607321,OK
347,VVG der Gemeinde Gundelfingen,DE,10000,25575,4441.678082866004,0.2214325590269472,46.31,0.06,11.35,42.28,OK
96,Zwolle,NL,10000,21679,3372.8112533763406,0.23168839399169963,46.28,0.06999999999999999,9.33,44.32,OK
204,Boulogne-sur-Mer,FR,7150,7150,inf,0.22828917561064946,46.20979020979021,0.013986013986013986,13.944055944055943,39.83216783216783,OK
51,Dublin,IE,26355,131779,3725.525103088303,0.17527631903396088,46.14684120660216,0.11003604629102635,9.049516220830963,44.69360652627585,OK
107,Deventer,NL,10000,12630,2901.400554275908,0.214621601057135,46.089999999999996,0.08,8.32,45.51,OK
209,Heerlen,NL,10000,33586,2451.831098813456,0.19368117971311213,46.02,0.24,7.66,46.08,OK
356,Mulhouse,FR,10000,28804,2757.1623477736234,0.184233183786546,46.0,0.06999999999999999,10.02,43.91,OK
521,Béziers,FR,10000,13127,2740.0803108945925,0.2543212478740806,45.97,0.0,14.08,39.95,OK
253,Amiens,FR,10000,16524,3337.9092373618705,0.21321881087685515,45.96,0.02,25.230000000000004,28.79,OK
385,Seiersberg-Pirka,AT,10000,39700,3487.2431245993043,0.2142309457793612,45.94,0.11,9.86,44.09,OK
171,Oostende,BE,10000,10891,3911.8522357002566,0.26665078586842567,45.94,0.01,29.299999999999997,24.75,OK
257,Hanau,DE,10000,11470,2437.817986476302,0.21097653738677974,45.89,0.06,5.27,48.78,OK
201,Halle-Vilvoorde,BE,5212,5212,4203.388053458009,0.2615891765601075,45.874904067536455,1.1128165771297005,35.37989255564083,17.632386799693016,OK
404,Lausanne,CH,10000,26335,5406.016414695672,0.1934977990001885,45.87,0.08,15.7,38.35,OK
77,Wardenburg,DE,10000,27330,2516.917299612675,0.18064720839256393,45.86,0.12,7.779999999999999,46.239999999999995,OK
432,Como,IT,8766,8766,2875.9453889682886,0.20407988680121963,45.74492356833219,0.04563084645220169,18.30937713894593,35.90006844626968,OK
556,Segrià,ES,9799,9799,5919.483857430221,0.2925901518358649,45.57607919175426,0.09184610674558628,36.90172466578222,17.430350035717932,OK
496,Bayonne,ES,6815,6815,inf,0.2125255227583341,45.50256786500367,0.014673514306676448,10.49156272927366,43.991195891416,OK
130,Zielona Góra,PL,10000,21336,4101.497011038634,0.16076263131609148,45.42,0.0,18.91,35.67,OK
131,Kalisz,PL,9818,9818,4306.045399446947,0.1692907013090466,45.27398655530658,0.0,30.24037482175596,24.48563862293746,OK
235,Namur,BE,10000,13003,1999.659814952022,0.16878319066212746,45.26,0.1,7.84,46.800000000000004,OK
369,Winterthur,CH,10000,18183,3340.1616909102854,0.20655402942902346,45.26,0.03,9.04,45.67,OK
492,La Spezia,IT,8980,8980,16320.749876349666,0.19659343088724504,45.11135857461024,0.4565701559020045,18.78619153674833,35.645879732739424,OK
215,Herzogenrath,DE,10000,10858,2219.758708490775,0.17834519694021467,45.050000000000004,0.3,6.2700000000000005,48.38,OK
461,Ferrol,ES,8187,8187,4695.0325319611775,0.2673408526656887,45.01038231342372,0.3297911322828875,13.533650909979237,41.12617564431416,OK
355,Nantes,FR,12037,60189,3943.6770922460037,0.22202885562358546,44.97798454764476,0.1910775110077262,24.590844894907367,30.24009304644014,OK
292,Saarbrücken,DE,10000,23836,2591.654331406377,0.19370914064077246,44.86,0.04,6.35,48.75,OK
179,Krefeld-West,DE,10000,25705,3052.018168887898,0.18193242432436696,44.79,0.04,7.53,47.64,OK
21,Lundsbacken,SE,10000,16511,2814.2016987482652,0.15915243585529085,44.7,0.31,33.31,21.68,OK
298,Versailles,FR,7061,7061,3695.8546694738347,0.21960571851223146,44.667894065996315,0.0141622999575131,19.54397394136808,35.773969692678094,OK
539,Palencia,ES,6688,6688,5991.593490654421,0.2884855168689004,44.63217703349282,0.0,34.0311004784689,21.33672248803828,OK
250,Kladno,CZ,7774,7774,4038.6793779532886,0.18771265618561825,44.58451247748907,0.05145356315924878,18.381785438641625,36.98224852071006,OK
243,Arras,FR,10000,14308,2270.6843842991816,0.2015932203709575,44.58,0.13,18.98,36.309999999999995,OK
20,Stokka,NO,10000,38147,2609.961828535673,0.21081530113831398,44.39,0.08,9.15,46.379999999999995,OK
399,Szeged,HU,10000,17194,3738.629195550899,0.1760798137110108,44.379999999999995,0.01,21.52,34.089999999999996,OK
354,Wals-Siezenheim,AT,10000,21723,3490.3803437746196,0.22050378788568883,44.35,0.33999999999999997,15.47,39.839999999999996,OK
576,Baix Llobregat,ES,9696,9696,7819.71909573929,0.3034082619026169,44.152227722772274,0.2578382838283828,43.87376237623762,11.716171617161717,OK
153,'s-Hertogenbosch,NL,10000,24682,3258.4684155587825,0.22945218361658912,44.03,0.06999999999999999,10.56,45.34,OK
265,Rüsselsheim am Main,DE,10000,11171,3431.737373316466,0.2171662289248879,44.019999999999996,0.05,7.2700000000000005,48.66,OK
110,Hengelo,NL,10000,17341,2259.977341774237,0.19522769222909528,43.94,0.43,16.91,38.72,OK
537,Perugia,IT,10000,12887,2094.3501506599077,0.16104017596450534,43.88,0.13,18.67,37.32,OK
156,Marl,DE,9937,9937,2458.8518862323117,0.17167100239810706,43.71540706450639,0.12076079299587401,4.880748716916575,51.28308342558117,OK
208,Wałbrzych,PL,10000,11015,2649.0422334615782,0.13486505322919543,43.71,0.11,16.16,40.02,OK
275,Rouen,FR,10000,43622,3457.475801632608,0.19929442314975757,43.669999999999995,0.0,21.62,34.71,OK
196,Hilden,DE,10000,45763,2894.6512706177414,0.19320018312601783,43.63,0.02,3.15,53.2,OK
234,Mons,BE,10000,10300,1945.7711420192597,0.20057439668235108,43.62,0.15,6.1,50.129999999999995,OK
486,Savona,IT,6726,6726,53065.52437116033,0.2102881983386796,43.577163247100806,0.04460303300624443,27.624145108534048,28.75408861135891,OK
190,Stadtbezirk 1,DE,14697,73487,4103.46504323722,0.2105181428612713,43.53949785670545,0.21773150983193848,11.43770837585902,44.805062257603595,OK
477,Modena,IT,10000,16486,3988.1288254289634,0.22577230485115934,43.49,0.11,33.17,23.23,OK
382,Aldrans,AT,10000,13947,4807.299633434835,0.23141032455687766,43.49,0.0,13.41,43.1,OK
599,Fuenlabrada,ES,3646,3646,11835.916163285417,0.20939695318848411,43.472298409215576,0.8502468458584751,41.85408667032364,13.823368074602305,OK
415,Udine / Udin,IT,10000,13478,2638.9801175093075,0.22398909648013207,43.36,0.43,29.4,26.810000000000002,OK
60,Grudziądz,PL,10000,10544,3434.888110986939,0.13777520739836532,43.33,0.01,11.92,44.74,OK
6,Turku,FI,10000,38897,2534.484973841349,0.13964924370293508,43.230000000000004,0.29,28.249999999999996,28.23,OK
315,Esslingen am Neckar,DE,10000,19100,3063.8794500966173,0.2087214838415845,43.22,0.19,6.419999999999999,50.17,OK
138,Rotterdam,NL,21871,109355,5060.490087326574,0.2378104428173489,43.13474463901971,0.3429198482008139,12.367975858442687,44.154359654336794,OK
44,Cathair na Gaillimhe,IE,10000,11976,2355.394331787867,0.15834287265824845,43.11,0.01,6.36,50.519999999999996,OK
252,Bielsko-Biała,PL,10000,23113,3073.4178512104672,0.1382174602501258,43.07,0.29,9.24,47.4,OK
231,Sosnowiec,PL,10000,16207,3230.9394251819667,0.13674056555137512,42.72,0.11,9.26,47.910000000000004,OK
207,Bergisch Gladbach,DE,21516,107580,3977.8596431624305,0.20815394105621624,42.62409369771333,0.17196504926566275,10.847741215839376,46.35620003718163,OK
249,Cherbourg,FR,10000,12642,inf,0.18776539202768394,42.620000000000005,0.03,21.68,35.67,OK
313,Nancy,FR,10000,24500,3741.0128572817102,0.2221326462215336,42.59,0.06,23.51,33.839999999999996,OK
135,Heepen,DE,10000,45386,2474.389360561227,0.1700843199972681,42.51,0.1,5.25,52.14,OK
304,Neureut,DE,10000,40566,3787.2079209957487,0.2061856146354499,42.480000000000004,0.0,10.93,46.589999999999996,OK
258,Innenstadt 1,DE,15958,79793,4946.879659136267,0.22063414032961856,42.44892843714751,0.09399674144629652,9.788194009274346,47.668880812131846,OK
80,Assen,NL,10000,16581,2218.2488803049255,0.1783189709286288,42.4,0.25,11.24,46.11,OK
501,Vigo,ES,10000,20445,7337.967392112717,0.24680026721333959,42.33,0.0,16.25,41.42,OK
434,Trieste,IT,10000,17324,451621.8441056316,0.26821596571829665,42.230000000000004,0.16,37.0,20.61,OK
430,Varese,IT,10000,11512,2359.8822984631333,0.19859500613670747,42.19,0.0,10.12,47.69,OK
198,Monheim am Rhein,DE,10000,20299,3393.1317164752436,0.2036407748546365,42.03,0.22999999999999998,6.72,51.019999999999996,OK
120,Utrecht,NL,10000,44810,5559.0582488816835,0.26122650393601377,41.959999999999994,0.16999999999999998,16.439999999999998,41.43,OK
2,,,10000,40007,2390.5445019317567,0.17678843131219904,41.9,0.15,12.49,45.46,OK
333,Vannes,FR,10000,13948,inf,0.17684500796871885,41.760000000000005,0.0,22.82,35.42,OK
409,Rudicica,RO,10000,19776,4724.479869967497,0.22462909141807325,41.5,0.49,19.79,38.22,OK
507,Pau,FR,10000,19183,2766.1847880942632,0.17392894568390152,41.449999999999996,0.0,28.67,29.880000000000003,OK
429,Constanța,RO,10000,17678,inf,0.2409485697581573,41.44,0.04,22.75,35.77,OK
585,Anzio,IT,7413,7413,7238.627854755684,0.17852592028684833,41.41373263186294,0.0,5.449885336570889,53.136382031566164,OK
374,Dijon,FR,10000,28157,3519.222541391643,0.1879841371306308,41.4,0.16999999999999998,30.03,28.4,OK
116,Amersfoort,NL,10000,21153,3924.4631381534973,0.22346112005354646,41.39,0.11,8.12,50.38,OK
361,Oradea,RO,10000,13759,4794.324008142531,0.1969137121440693,41.370000000000005,0.11,17.560000000000002,40.96,OK
149,Oss,NL,10000,12937,2796.82040296838,0.22685495273388934,41.24,0.11,8.14,50.51,OK
586,Latina,IT,9574,9574,3335.5898317061396,0.18377709314356572,41.04867349070399,0.1148945059536244,32.682264466262794,26.15416753707959,OK
263,Schweinfurt,DE,10000,12642,2346.9004031712457,0.2111038211213711,40.99,0.15,13.01,45.85,OK
172,Antwerpen,BE,7130,7130,2545.1369280001904,0.19690552117574928,40.981767180925665,0.4067321178120617,7.475455820476859,51.13604488078541,OK
18,Tartu linn,EE,10000,16284,3222.578449443809,0.15764456087511514,40.96,0.21,24.759999999999998,34.07,OK
581,Baix Camp,ES,8125,8125,6936.623129270757,0.3112235900443405,40.89846153846154,0.08615384615384615,48.824615384615385,10.19076923076923,OK
214,Maastricht,NL,10000,15713,3586.9494614153723,0.23101614082802466,40.81,0.18,14.940000000000001,44.07,OK
199,Cotta,DE,15553,77768,3858.8576091616123,0.17386353395915138,40.78955828457532,0.1993184594611972,25.35845174564393,33.65267151031956,OK
296,Metz,FR,10000,28825,2844.458584638184,0.18603445064616603,40.68,0.12,16.96,42.24,OK
264,Altstadt,DE,10000,33122,3809.5272754945463,0.21271556217706017,40.68,0.04,12.620000000000001,46.660000000000004,OK
580,Garraf,ES,8917,8917,5018.768860037584,0.2819761868769387,40.66390041493776,0.0112145340361108,39.262083660423905,20.06280139060222,OK
108,Hilversum,NL,10000,11103,3503.1429035607935,0.21920928671721862,40.62,0.05,10.68,48.65,OK
479,Santiago,ES,10000,13992,3610.1394383799357,0.21078529266845408,40.58,0.13,20.26,39.03,OK
525,Draguignan,FR,10000,10719,inf,0.16112152991100756,40.58,0.0,20.27,39.15,OK
577,Collado Villalba,ES,5439,5439,4227.393719820059,0.21593819478778958,40.55892627321199,0.0,22.61445118587976,36.826622540908254,OK
398,La Rochelle,FR,10000,17442,inf,0.22098531975471122,40.29,0.12,27.38,32.21,OK
24,Borås,SE,10000,12108,1966.7154957304936,0.13265705578075032,40.17,0.09,28.110000000000003,31.630000000000003,OK
378,Bourges,FR,10000,13390,1720.4904056416408,0.17996467607427044,40.17,0.05,19.75,40.03,OK
200,Stadtbezirk III,DE,10000,27990,2576.6669678323715,0.17734210262465508,40.160000000000004,0.13999999999999999,6.61,53.09,OK
365,Baciu,RO,10000,19503,5791.356074469021,0.19993369085954543,40.160000000000004,0.01,28.12,31.71,OK
509,Montpellier,FR,10000,47454,3989.9131920801633,0.21654674083902817,40.12,0.05,32.06,27.77,OK
52,Schrevenborn,DE,10000,31475,3374.8593100109442,0.17616081145634635,39.96,0.11,10.03,49.9,OK
510,Firenze,IT,10000,36707,5135.337208815651,0.27282233965551944,39.57,0.1,35.68,24.65,OK
219,Chemnitz,DE,10000,34932,2728.828111168781,0.1447372515980044,39.519999999999996,0.13999999999999999,14.85,45.49,OK
246,Lahnstein,DE,10000,18793,2506.4224226127726,0.2094838486732821,39.47,0.2,19.97,40.36,OK
436,Bergamo,IT,10000,27725,3203.634813609422,0.18907228673352902,39.050000000000004,0.12,23.16,37.669999999999995,OK
86,Gorzów Wielkopolski,PL,10000,14896,3837.644298002527,0.1419922664376065,38.87,0.04,20.61,40.48,OK
55,Ortsbeirat 14 : Stadtmitte,DE,10000,18047,3345.862958164066,0.1730672257738733,38.83,0.01,27.560000000000002,33.6,OK
376,Zürich,CH,4800,4800,5024.57079459714,0.21034962886255623,38.6875,0.0,2.895833333333333,58.416666666666664,OK
139,Spijkenisse,NL,10000,23456,3408.463001877622,0.21681564466756748,38.62,0.13999999999999999,6.6000000000000005,54.64,OK
76,Stadtgebiet Bremen,DE,10000,12763,2100.6790565713463,0.16279979732964645,38.58,0.21,6.52,54.690000000000005,OK
57,Bönebüttel,DE,10000,10335,1904.191294361199,0.16079963818141246,38.57,0.11,5.2299999999999995,56.089999999999996,OK
248,Jastrzębie-Zdrój,PL,7608,7608,3440.5825532385315,0.10808971149868954,38.551524710830705,0.0,8.753943217665615,52.69453207150369,OK
571,Roma,IT,3747,3747,948330.0631773493,0.21143173422520445,38.51080864691753,1.7080330931411796,36.93621563917801,22.844942620763277,OK
277,Caen,FR,10000,34250,2763.3988511953858,0.19572089201609233,38.43,0.21,32.34,29.020000000000003,OK
227,Sosnowiec,PL,10000,10788,4501.0874145656,0.15252219766135966,38.41,0.06,12.629999999999999,48.9,OK
560,Anoia,ES,4750,4750,5083.278019174395,0.3943535833684115,38.252631578947366,0.06315789473684211,29.936842105263157,31.74736842105263,OK
443,Vicenza,IT,10000,11316,2699.383439895448,0.24423756872214414,38.18,0.08,21.39,40.35,OK
475,Reggio Emilia,IT,10000,16921,2863.5378982584807,0.19301993552408536,38.12,0.13999999999999999,21.34,40.400000000000006,OK
16,Geber,SE,10000,22882,2481.4509604173404,0.13394580453467783,37.96,0.16999999999999998,25.91,35.96,OK
170,Innenstadt West,DE,85130,425654,3107.810984423601,0.1706737196358969,37.84564783272642,0.1597556678021849,6.554681076001409,55.43991542346999,OK
276,Alzingen,LU,10000,15210,3668.2487639437813,0.21839085132209426,37.68,0.15,22.09,40.08,OK
262,Biebrich,DE,10000,24580,3671.1086372591203,0.19691337691143104,37.62,0.04,9.89,52.449999999999996,OK
299,Banská Bystrica,SK,10000,11691,2667.1750783909733,0.153586926257153,37.59,0.06,11.020000000000001,51.33,OK
111,Lotte,DE,10000,25312,2377.299603623343,0.17622359436805854,37.38,0.21,14.96,47.449999999999996,OK
368,Basel,CH,10000,33138,4557.518663740152,0.23344627546152766,37.35,0.08,14.26,48.309999999999995,OK
267,"Gartenstadt, Wendelhöfen",DE,10000,13384,2307.7052308058164,0.17705777412353516,37.19,0.06,10.7,52.05,OK
307,Palaiseau,FR,118627,593138,7845.584689683086,0.2506324674669208,37.17787687457324,0.24193480404966827,37.75868899997471,24.821499321402378,OK
211,Porz,DE,10000,16463,3100.406691380639,0.19117253621248176,37.07,0.16,8.72,54.05,OK
570,Roma,IT,30803,154015,5933.767273788189,0.2160429578234416,36.97042495860793,0.27919358504041814,35.412135181638156,27.3382462747135,OK
341,Piatra Neamț,RO,5276,5276,4145.30509299816,0.19889111196550333,36.94086429112964,0.05686125852918878,9.609552691432905,53.392721758908266,OK
473,Варна,BG,10000,18933,7203.971858622847,0.21254442470084056,36.88,0.03,18.86,44.230000000000004,OK
562,Santo António dos Olivais,PT,10000,13605,2454.028349648993,0.2170732041280499,36.85,0.02,11.59,51.54,OK
46,Gdańsk,PL,15923,79617,4688.591037436092,0.1512828266678826,36.82723104942536,0.08792313006343026,23.670162657790616,39.41468316272059,OK
311,Möhringen,DE,5137,5137,3239.747749006571,0.17352966086415464,36.79190188826163,0.1167996885341639,6.268249951333463,56.82304847187074,OK
197,Mechelen,BE,789,789,1733.854575469335,0.16699133507307756,36.755386565272495,0.0,3.1685678073510775,60.07604562737643,OK
540,Perpignan,FR,10000,22968,2975.731666703282,0.24298114917236832,36.75,0.08,19.88,43.29,OK
32,Klaipėda,LT,10000,15361,4176.172617064187,0.13548763919263995,36.71,0.13,47.07,16.09,OK
573,Baix Llobregat,ES,7478,7478,8313.926433090533,0.32192514964362384,36.680930730141746,0.30756886868146566,51.73843273602567,11.27306766515111,OK
206,Erfurt,DE,10000,28591,3445.2625293169212,0.15969169742505052,36.59,0.01,21.89,41.510000000000005,OK
310,Stuttgart-Mitte,DE,16625,83125,3935.3829405641454,0.21422259763282597,36.589473684210525,0.15037593984962408,10.249624060150376,53.01052631578948,OK
289,Pontoise,FR,10000,11767,3620.838229469421,0.20797870815695463,36.5,0.01,22.31,41.18,OK
441,Saint-Étienne,FR,10000,23989,3466.8312613424223,0.19950106698696415,36.4,0.05,26.200000000000003,37.35,OK
435,Treviso,IT,10000,10740,2636.9930926943034,0.2131076576259889,36.370000000000005,0.0,19.74,43.89,OK
83,Płock,PL,10000,10149,5099.213005927823,0.14361339815834606,36.309999999999995,0.05,21.26,42.38,OK
541,Gulpilhares e Valadares,PT,2575,2575,2127.2791971610354,0.17920797375582376,36.271844660194176,0.0,10.485436893203884,53.24271844660194,OK
499,Nîmes,FR,10000,15546,3761.9379895853976,0.24830109447401313,36.26,0.08,26.939999999999998,36.720000000000006,OK
12,Langhus,NO,22280,111401,4221.920590895687,0.1885911918308641,36.24775583482944,0.17953321364452424,22.010771992818672,41.56193895870736,OK
392,Tulcea,RO,4064,4064,4839.847127910779,0.1945386321391022,36.22047244094488,0.049212598425196846,12.081692913385826,51.648622047244096,OK
513,Pisa,IT,10000,14203,2535.9443560166847,0.21653671436075736,36.22,0.13999999999999999,20.68,42.96,OK
282,Kaiserslautern,DE,10000,11361,3144.791270717363,0.23164037501448145,36.15,0.06,8.33,55.46,OK
126,Nieuwegein,NL,10000,21901,3932.0753683070643,0.24278316708957723,36.14,0.16,9.69,54.010000000000005,OK
544,Grosseto,IT,6703,6703,3661.0915883148195,0.21060466666014988,36.05848127704013,0.08951215873489482,22.512307921826046,41.33969864239893,OK
261,Ostrava,CZ,10000,13326,3793.1428823331325,0.1560500655978181,36.05,0.53,10.91,52.51,OK
11,Hällen,SE,10000,30419,3170.2634616858923,0.14976225426052545,35.91,0.27999999999999997,33.45,30.36,OK
167,Eindhoven,NL,10000,42863,3650.0637319873676,0.23695561956724645,35.88,0.27999999999999997,12.389999999999999,51.449999999999996,OK
3,,,10000,22313,2022.9231010259887,0.13392379325927356,35.870000000000005,0.16,26.919999999999998,37.05,OK
335,Bratislava,SK,10000,48029,5306.534516402666,0.1997727315006594,35.85,1.05,33.09,30.009999999999998,OK
438,Chambéry,FR,10000,18547,2441.921311580614,0.16315355257116926,35.809999999999995,0.03,22.25,41.91,OK
532,Пазарджик,BG,4198,4198,4485.946144101999,0.20792851354785466,35.73130061934254,0.04764173415912339,7.837065269175798,56.383992377322535,OK
569,Vallès Occidental,ES,10000,17306,4014.6760600638895,0.2215516401372574,35.61,0.33,32.82,31.240000000000002,OK
476,Шумен,BG,5676,5676,3781.7888549001705,0.18806822007577495,35.535588442565185,0.0,24.27766032417195,40.18675123326286,OK
113,Apeldoorn,NL,10000,26513,2980.802355731536,0.20471708125541563,35.5,0.19,8.21,56.10000000000001,OK
411,Roanne,FR,10000,11137,1822.9951660424808,0.17573065741258861,35.49,0.22999999999999998,24.15,40.129999999999995,OK
495,Bilbao,ES,10000,35636,11682.039442177742,0.32000743701118334,35.43,0.27,49.38,14.92,OK
428,Lecco,IT,5089,5089,3468.5186636358453,0.24854290041683919,35.390056985655335,0.039300451955197484,49.81332285321281,14.757319709176656,OK
491,Bayonne,FR,10000,18574,inf,0.20897966639748766,35.339999999999996,0.06,26.22,38.379999999999995,OK
352,Stephanskirchen,DE,9021,9021,2581.4334682064127,0.20696658438514637,35.328677530207294,0.1551934375346414,4.434098215275468,60.0820308169826,OK
7,Helsinki,FI,43917,219587,3341.434144364125,0.15812658378116567,35.31206594257349,0.2481954596170048,38.57731630120455,25.862422296604958,OK
169,Moers,DE,10000,39740,2941.1177547592592,0.1718909989677918,35.260000000000005,0.22999999999999998,6.17,58.34,OK
309,Chartres,FR,10000,12921,2146.392594257437,0.17045718312064323,35.260000000000005,0.13999999999999999,21.66,42.94,OK
414,Ljubljana,SI,10000,38120,3600.174819470917,0.2031796374138064,35.25,0.15,12.97,51.629999999999995,OK
162,Lubin,PL,9031,9031,3878.6354157253522,0.12952426503752568,35.223120363193445,0.011072970878086591,13.309710995460081,51.456095670468386,OK
286,Brno,CZ,10000,48940,3909.31766892058,0.16784560433667406,35.14,0.08,18.77,46.01,OK
247,Hradec Králové,CZ,10000,13880,2842.656335524455,0.14091251438361913,35.099999999999994,0.0,11.73,53.169999999999995,OK
466,A Coruña,ES,10000,19405,9673.49511699965,0.2958345375433032,35.03,0.33,38.36,26.279999999999998,OK
519,Grasse,FR,10000,12507,inf,0.2015829380437477,35.010000000000005,0.02,23.18,41.79,OK
295,Meaux,FR,7740,7740,3379.662848813893,0.18939416087786687,34.987080103359176,0.20671834625322996,27.23514211886305,37.57105943152455,OK
308,Melun,FR,10000,10619,3388.332329619401,0.18494900416384766,34.96,0.1,21.44,43.5,OK
478,Oviedo,ES,10000,13422,7970.050236164957,0.2173984082676303,34.79,0.06,32.14,33.01,OK
561,Ajaccio,FR,4394,4394,4827.255310989418,0.20050540706619346,34.729176149294496,0.0,19.503868912152935,45.76695493855257,OK
305,Büchenbronn,DE,10000,15342,3529.4971148039,0.20835619592978838,34.68,0.04,5.65,59.63,OK
589,Majadahonda,ES,10000,20136,3442.702013844741,0.1765657183219797,34.660000000000004,0.42,32.940000000000005,31.979999999999997,OK
542,"Cedofeita, Santo Ildefonso, Sé, Miragaia, São Nicolau e Vitória",PT,16667,83337,3918.2481978899673,0.241862005733804,34.60130797384052,0.06599868002639947,19.74560508789824,45.587088258234836,OK
5,Lahti,FI,10000,17340,1935.6172365781572,0.12053239678886356,34.58,0.26,21.13,44.03,OK
271,Olomouc,CZ,10000,15984,3704.2752349966527,0.17258500325387777,34.39,0.08,22.3,43.230000000000004,OK
334,Neu-Ulm,DE,10000,32515,2779.0485514849033,0.18742240888539116,34.339999999999996,0.16,23.66,41.839999999999996,OK
75,Groningen,NL,10000,23790,4241.201102391104,0.2320771406894371,34.11,0.29,15.32,50.28,OK
174,Duisburg-Mitte,DE,10000,23465,3252.617423398635,0.17416890206943472,34.08,0.3,7.739999999999999,57.879999999999995,OK
546,Zamora,ES,6431,6431,4793.436877015552,0.32506733392564924,34.053801897061106,0.031099362463069505,32.607681542528375,33.307417197947444,OK
549,Terni,IT,9180,9180,3054.650807439892,0.18310000287193384,34.052287581699346,0.04357298474945533,11.5359477124183,54.368191721132895,OK
59,Białystok,PL,10000,37701,4875.292812267476,0.1628946311634287,34.050000000000004,0.1,34.589999999999996,31.259999999999998,OK
274,Höchberg,DE,10000,21969,2871.7386759496717,0.20003596931573664,34.02,0.48,12.049999999999999,53.449999999999996,OK
524,София,BG,15796,78984,7621.953861901423,0.208137598099041,33.99594834135224,0.16459863256520638,29.40617877943783,36.43327424664472,OK
408,Pécs,HU,10000,16203,2990.420852894105,0.1757188406723498,33.98,0.21,21.73,44.080000000000005,OK
212,Jena-Zentrum,DE,10000,16467,2960.453509929029,0.17837731951895572,33.93,0.02,20.34,45.71,OK
526,Arezzo,IT,8548,8548,2635.943411302369,0.17715356808475305,33.91436593355171,0.01169864295741694,23.631258773982218,42.44267664950866,OK
420,Lugano,CH,9299,9299,3257.5260233861486,0.2041442630976082,33.89611786213572,0.032261533498225616,7.065275836111409,59.00634476825465,OK
439,Călărași,RO,3449,3449,4695.10995229042,0.21629029337940314,33.86488837344157,0.0,18.353145839373735,47.781965787184696,OK
528,Marseille,FR,12541,62705,inf,0.24992411876675874,33.856949206602344,0.14352922414480504,26.720357228291203,39.27916434096165,OK
205,Leuven,BE,10000,14334,2847.3552473742316,0.22480906577760287,33.83,0.1,36.14,29.93,OK
103,Steglitz-Zehlendorf,DE,10000,26087,3162.0874277857197,0.17040303553984903,33.800000000000004,0.09,22.84,43.269999999999996,OK
67,Harburg,DE,10000,13372,3603.8074389408093,0.1822193479616591,33.77,0.16,9.879999999999999,56.19,OK
565,Vallès Oriental,ES,5545,5545,5823.919710283232,0.2873637320277464,33.72407574391343,0.3246167718665464,37.22272317403066,28.72858431018936,OK
363,Belfort,FR,10000,11991,2550.518880486185,0.1812201638166853,33.68,0.02,22.759999999999998,43.54,OK
440,Sector 1,RO,16630,83154,9570.48659910818,0.24556946872364654,33.64401683704149,0.1984365604329525,30.138304269392663,36.019242333132894,OK
13,Västerås,SE,10000,23348,2311.340792903825,0.15468630140733816,33.629999999999995,0.73,33.08,32.56,OK
194,Gent,BE,10000,31016,3582.3480128809147,0.2804994050481954,33.62,0.22999999999999998,42.78,23.369999999999997,OK
583,Guadalajara,ES,6166,6166,6166.29283441537,0.26735721927210665,33.457671099578334,0.03243593902043464,48.0376256892637,18.47226727213753,OK
140,Münster-Mitte,DE,10000,32732,2978.3848460666495,0.1910445381705933,33.43,0.02,10.63,55.92,OK
456,Grenoble,FR,10000,46712,4570.85094255162,0.21284099798276035,33.4,0.04,36.55,30.009999999999998,OK
450,Slatina,RO,3540,3540,5491.743552780202,0.19662818022155024,33.36158192090395,0.22598870056497175,24.83050847457627,41.5819209039548,OK
42,Jürgensby,DE,10000,15456,2717.9722201314994,0.17607844177267717,33.36,0.01,4.45,62.18,OK
520,Grasse,FR,10000,14513,inf,0.21475738043076964,33.35,0.0,27.83,38.82,OK
402,Maribor,SI,10000,15959,2594.7417178488413,0.16426114269616393,33.300000000000004,0.19,13.420000000000002,53.09,OK
70,Piła,PL,10000,10007,3268.4200750049413,0.12774679757380047,33.07,0.03,16.29,50.61,OK
530,"Braga (Maximinos, Sé e Cividade)",PT,10000,17254,3387.80996085826,0.19535685206070566,33.01,0.21,11.31,55.47,OK
0,,,10000,32303,2142.09154651903,0.13833278239004432,32.910000000000004,0.11,32.04,34.94,OK
213,Brussel-Hoofdstad - Bruxelles-Capitale,BE,16090,80451,7935.5122047456,0.3172102676140289,32.90863890615289,0.27346177750155376,41.74021131137353,25.077688004972032,OK
559,Fonte Nuova,IT,4259,4259,1912.4733275538515,0.12980718993015927,32.871566095327545,0.0704390702042733,33.975111528527826,33.08288330594036,OK
514,Nice,FR,10000,37693,inf,0.2073044353047747,32.84,0.25,26.369999999999997,40.54,OK
166,Meiderich/Beeck,DE,2828,2828,4329.226209256794,0.19391653009811186,32.814710042432814,0.24752475247524752,9.794908062234795,57.14285714285714,OK
457,Mofleni,RO,10000,14341,5951.525781569255,0.20521425023603757,32.49,0.02,9.09,58.4,OK
15,Sjöberg,SE,34503,172517,4586.643532419708,0.15845785889253425,32.4290641393502,0.29562646726371616,33.75648494333826,33.51882445004782,OK
480,Lugo,ES,9486,9486,5441.926928173808,0.2408983318548838,32.4056504322159,0.031625553447185324,43.917351886991355,23.645372127345563,OK
328,Tübingen,DE,10000,12716,3114.1886909071436,0.2103198201900712,32.39,0.01,8.57,59.03,OK
600,Rivas-Vaciamadrid,ES,8821,8821,4643.834808719941,0.2055585398395567,32.354608321052034,0.14737558099988662,38.555719306201105,28.94229679174697,OK
332,Le Mans,FR,10000,23275,3238.426878858016,0.2148895783109565,32.35,0.11,21.55,45.989999999999995,OK
508,León,ES,10000,13202,6242.471065201681,0.30654007156692015,32.26,0.03,29.24,38.47,OK
455,Bordeaux,FR,19297,96488,3404.407871366603,0.22652270657670717,32.25371819453801,0.0880965953256983,23.837902264600714,43.820282945535574,OK
484,Genova,IT,10000,34538,14723395.289853508,0.2713323070049538,32.23,0.36,34.849999999999994,32.56,OK
598,Alcorcón,ES,9730,9730,8944.172696123343,0.21868361918450252,32.21993833504625,0.39054470709146966,42.44604316546763,24.943473792394656,OK
216,Gera,DE,10000,13679,2409.666017909314,0.1478690105212012,32.21,0.02,10.66,57.11000000000001,OK
320,Miskolc,HU,10000,15094,2579.5874006834706,0.16813278422225944,32.17,0.13999999999999999,12.370000000000001,55.32,OK
17,Torsjödal,SE,7904,7904,3369.296600059651,0.12571428390741388,32.08502024291498,0.31629554655870445,43.37044534412956,24.22823886639676,OK
543,Gulpilhares e Valadares,PT,3669,3669,1845.7644704606064,0.17709122078853876,31.99781956936495,0.027255382938130283,15.181248296538566,52.79367675115836,OK
164,Helmond,NL,10000,16828,2702.1640143750956,0.23228681814821905,31.97,0.22,9.75,58.06,OK
463,Valence,FR,10000,15207,2511.2908293380074,0.19503214779163874,31.929999999999996,0.13999999999999999,25.03,42.9,OK
88,Siedlce,PL,8144,8144,3685.534883654054,0.1490991327846483,31.8762278978389,0.0,7.072691552062868,61.051080550098234,OK
483,Ravenna,IT,10000,10060,2952.5445746831742,0.2077335748749052,31.869999999999997,0.04,22.3,45.79,OK
61,Łomża,PL,7907,7907,4069.1543766433188,0.15642551091968432,31.832553433666373,0.02529404325281396,26.748450739850764,41.39370178323005,OK
236,Most,CZ,6420,6420,3579.038283331271,0.1274852151082914,31.65109034267913,0.01557632398753894,20.545171339563865,47.78816199376947,OK
533,Южен,BG,10000,19760,6397.975569731532,0.2204248336585447,31.53,0.1,25.130000000000003,43.24,OK
329,Baia Mare,RO,6501,6501,5062.068385354977,0.2001678922807111,31.518227964928474,0.07691124442393478,39.19397015843716,29.21089063221043,OK
43,Suwałki,PL,9998,9998,3480.444555151378,0.13355785932512607,31.44628925785157,0.0,27.995599119823964,40.55811162232447,OK
68,Bydgoszcz,PL,9774,9774,4525.358719944021,0.11826512743657411,31.430325352977285,0.04092490280335584,13.801923470431756,54.7268262737876,OK
535,Toulon,FR,10000,18714,inf,0.19943029541807167,31.330000000000002,0.0,13.8,54.87,OK
284,Zirndorf,DE,13513,67567,4146.050183142521,0.22364752640133204,31.295789239991116,0.17760674905646415,15.39998519943758,53.12661881151484,OK
405,Bolzano - Bozen,IT,6931,6931,5465.234491433834,0.24955458090557722,31.236473813302553,0.3029865820227961,38.26287692973597,30.19766267493868,OK
288,Brest,FR,10000,22088,inf,0.2035889817787781,31.14,0.05,17.119999999999997,51.690000000000005,OK
23,Huskvarna,SE,10000,16984,2058.3761669346736,0.14814588118761937,31.06,0.02,22.55,46.37,OK
25,Latgales apkaime,LV,15678,78393,4951.800664546941,0.1726788063194452,31.017986988136244,0.41459369817578773,40.547263681592035,28.020155632095932,OK
155,Breda,NL,10000,25276,3269.0368756750763,0.23211077284920315,30.959999999999997,0.38999999999999996,12.139999999999999,56.510000000000005,OK
182,Vellmar,DE,10000,31778,2754.8441185106117,0.18059486225388288,30.880000000000003,0.2,8.18,60.74,OK
451,Magheru,RO,4546,4546,6113.429333410127,0.23501400205688555,30.862296524417072,0.08798944126704795,23.625164980202378,45.424549054113506,OK
121,Hildesheim,DE,10000,14345,2561.6968222405026,0.18959228623775515,30.86,0.01,12.53,56.599999999999994,OK
468,Alessandria,IT,5809,5809,3832.821795687613,0.24563982090999464,30.797039077293853,0.6197280082630401,46.462385952831816,22.120846961611292,OK
115,Alphen aan den Rijn,NL,10000,11644,4219.209987560923,0.25275562250021977,30.769999999999996,0.18,5.800000000000001,63.24999999999999,OK
226,Rzeszów,PL,10000,31365,3286.6781052231604,0.14016997160360312,30.759999999999998,0.01,21.64,47.589999999999996,OK
481,Bologna,IT,10000,34190,5002.260988349505,0.2181320424140254,30.75,0.26,42.309999999999995,26.68,OK
122,Gouda,NL,9019,9019,inf,0.2552034566926862,30.67967623905089,0.011087703736556159,13.637875595964074,55.671360461248476,OK
445,Venezia,IT,10000,19363,3482.3877379071355,0.2164407666024118,30.669999999999998,0.43,18.86,50.03999999999999,OK
64,Szczecin,PL,10000,38132,4947.943769100771,0.16985405624956604,30.65,0.06,22.259999999999998,47.03,OK
324,Strasbourg,FR,10000,45451,4642.8983840358405,0.20932197903570707,30.459999999999997,0.1,25.979999999999997,43.46,OK
272,Plzeň,CZ,10000,22303,3142.4833450272527,0.18180158655775838,30.4,0.48,20.13,48.99,OK
515,Ancona,IT,9233,9233,112150.4853086513,0.2469734404051109,30.336835264811,1.2780244774179572,36.66197335643886,31.723166901332178,OK
117,Enschede,NL,10000,25365,3088.6212035838694,0.20995925576440871,30.29,0.21,12.25,57.25,OK
323,Lorient,FR,10000,13401,inf,0.20437975434553102,30.17,0.04,12.030000000000001,57.76,OK
36,Kaunas,LT,10000,35120,4005.984211648674,0.169509246380714,30.099999999999998,0.2,35.14,34.56,OK
498,Donostia / San Sebastián,ES,10000,16338,7423.587501569777,0.24651338212191432,29.92,0.06,40.07,29.95,OK
210,Opole,PL,10000,12611,3077.0189803159533,0.15627675997598972,29.89,0.15,14.21,55.75,OK
464,Piacenza,IT,7399,7399,4258.2855596850595,0.25911730434429026,29.882416542776053,0.013515339910798757,35.193945127719964,34.91012298959319,OK
14,Rönninge By,SE,10000,11503,2141.296067528972,0.13128276746956613,29.86,0.42,12.139999999999999,57.58,OK
40,Agedrup,DK,10000,35786,2035.6463995939148,0.18443684717099423,29.75,0.33,23.24,46.68,OK
22,Linköping,SE,10000,30323,2516.379878855367,0.14492828117850604,29.659999999999997,0.27,33.15,36.919999999999995,OK
161,Lünen,DE,10000,15089,2139.272618415708,0.14180815245918027,29.62,0.08,3.05,67.25,OK
469,Ferrara,IT,10000,13523,2592.670476904347,0.20391836246360054,29.5,0.43,35.25,34.82,OK
41,Gdynia,PL,10000,25390,4262.529928783644,0.163528493031609,29.470000000000002,0.25,23.200000000000003,47.08,OK
175,Iserlohn,DE,10000,12296,2276.3490942396006,0.1695802998806634,29.37,0.0,4.91,65.72,OK
474,Gijón / Xixón,ES,10000,16294,11087.100893463543,0.30051232145917744,29.349999999999998,0.16,33.67,36.82,OK
579,Baix Llobregat,ES,5588,5588,5860.873161130781,0.26328698985692,29.34860415175376,0.017895490336435216,30.672870436649962,39.960629921259844,OK
536,Хасково,BG,6533,6533,4256.842229115795,0.18178659600529137,29.22087861625593,0.0,6.995254859941833,63.78386652380223,OK
4,Tampere,FI,10000,48921,2561.3077610819587,0.13309163738183089,29.12,0.21,29.21,41.46,OK
159,Tilburg,NL,10000,33200,3881.495049461686,0.2517628931908809,29.07,0.13,11.18,59.62,OK
314,Vaihingen,DE,10000,15327,3267.0909396004818,0.18941543319848106,28.65,0.11,10.290000000000001,60.95,OK
255,Ostrava,CZ,8572,8572,3949.898972480999,0.15162278046408634,28.616425571628557,0.08166122258516098,14.279048063462435,57.022865142323845,OK
467,Asti,IT,6168,6168,3615.2644265467147,0.20210920952440883,28.404669260700388,0.03242542153047989,22.01686121919585,49.54604409857328,OK
176,Brugge,BE,10000,18164,2200.354441131115,0.23623603657901288,28.07,0.05,33.54,38.34,OK
157,Uentrop,DE,10000,24805,2122.9249923696802,0.1587849877327613,28.04,0.05,4.21,67.7,OK
251,Pardubice,CZ,10000,15691,3423.732772091566,0.16553323022869804,28.01,0.03,24.52,47.44,OK
487,Велико Търново,BG,4987,4987,4428.595957352821,0.22257516252595896,27.91257268899138,0.0,34.00842189693202,38.0790054140766,OK
100,Mitte,DE,61621,308107,6014.014124388135,0.19319282441749125,27.884974278249295,0.17364210252998166,36.44049918047419,35.50088443874653,OK
482,Плевен,BG,6943,6943,4451.251473270636,0.17230612864067643,27.812184934466366,0.11522396658504969,22.339046521676508,49.73354457727207,OK
65,Hamburg-Mitte,DE,36648,183241,4396.759420019924,0.18839491414005557,27.758677144728228,0.13097576948264572,12.841082733027722,59.26926435276141,OK
447,Verona,IT,10000,22182,3707.719936757772,0.22437833792623726,27.67,0.08,25.31,46.94,OK
259,Praha,CZ,27996,139984,5120.51285312453,0.18339381447945818,27.557508215459354,0.210744392056008,21.38876982426061,50.842977568224036,OK
555,Bages,ES,7472,7472,4743.906126945933,0.3085948524819778,27.50267665952891,0.0,44.70021413276231,27.797109207708782,OK
237,Katowice,PL,33581,167906,4001.0561067161184,0.1468780502093616,27.482802775378936,0.13102647330335607,8.885977189482148,63.50019356183556,OK
34,Filborna,SE,10000,20864,2943.1758027167816,0.1748913999135128,27.400000000000002,0.84,27.29,44.47,OK
567,Vallès Occidental,ES,10000,27465,6669.089705140942,0.30577600284774226,27.400000000000002,0.32,54.26,18.02,OK
452,Padova,IT,10000,28830,3025.371888444302,0.22857660516092712,27.26,0.24,17.07,55.43,OK
97,Poznań,PL,15984,79922,4557.211668077776,0.15912458150547007,27.17092092092092,0.13763763763763764,35.02252252252252,37.66891891891892,OK
63,Stadtbezirk Bremerhaven-Nord,DE,10000,16664,2782.7186933297266,0.19022944706428827,27.139999999999997,0.95,13.52,58.39,OK
10,Tallinn,EE,11410,57050,5072.5558907250015,0.17283060458422256,27.116564417177912,0.13146362839614373,49.50043821209466,23.251533742331286,OK
419,Lugano,CH,2784,2784,4845.421797397547,0.25889658958003986,27.04741379310345,0.0,7.6867816091954015,65.26580459770115,OK
106,Almelo,NL,10000,12503,2446.996203463574,0.21427593469156517,26.900000000000002,0.38999999999999996,14.99,57.720000000000006,OK
340,Orléans,FR,10000,35812,2656.7400413143805,0.1809420769765683,26.86,0.44,17.82,54.879999999999995,OK
390,Galați,RO,10000,10843,8532.23996308403,0.2223556084692007,26.529999999999998,0.26,42.5,30.709999999999997,OK
268,Le Havre,FR,10000,24164,inf,0.2124778310603285,26.529999999999998,0.24,19.07,54.16,OK
593,Alcalá de Henares,ES,10000,11624,8398.24679542983,0.2653441042085112,26.490000000000002,0.96,47.83,24.72,OK
444,Brescia,IT,10000,26949,3179.680628291019,0.22217644069347506,26.47,0.16999999999999998,39.14,34.22,OK
31,Panevėžys,LT,10000,11501,3410.408825611866,0.15290789478226774,26.44,0.06999999999999999,30.9,42.59,OK
552,Gironès,ES,10000,10949,6224.080052831766,0.30016555845303866,26.26,0.08,36.97,36.69,OK
534,Toulon,FR,10000,24476,inf,0.22525134212844558,26.02,0.13999999999999999,23.24,50.6,OK
584,Tarragonès,ES,10000,10144,5515.302615809098,0.26117510390686466,25.94,0.74,50.03999999999999,23.28,OK
397,Arad,RO,10000,11746,3338.2685041933523,0.18036284867139146,25.88,0.18,8.91,65.03,OK
118,Mitte,DE,10000,28948,3202.7063181781846,0.19648149552219837,25.81,0.05,6.59,67.55,OK
72,Cork,IE,10000,19814,3223.7710610437093,0.19082866838602563,25.81,0.04,6.3100000000000005,67.84,OK
187,Görlitz,DE,7199,7199,2482.3978681642648,0.15765674745706498,25.739686067509375,0.013890818169190166,5.486873176830116,68.75954993749131,OK
160,Bergen op Zoom,NL,10000,10425,2633.4825111783393,0.21369968964573915,25.72,0.27999999999999997,8.48,65.52,OK
523,Livorno,IT,10000,13285,25129.957256745434,0.21969676626604723,25.650000000000002,0.01,24.58,49.76,OK
433,Lyon,FR,10000,10852,2734.7662199990764,0.16257855272951566,25.55,0.38999999999999996,31.0,43.059999999999995,OK
360,Durach,DE,10000,10664,2570.239750339373,0.19728618299946932,25.25,0.16999999999999998,4.73,69.85,OK
317,Vereinbarte Verwaltungsgemeinschaft der Stadt Göppingen,DE,10000,11628,2558.3490369628666,0.22182069673652935,25.240000000000002,0.11,5.62,69.03,OK
132,Pabianice,PL,7310,7310,3543.8284214984046,0.1474942688755138,25.212038303693568,0.0,13.871409028727772,60.916552667578664,OK
27,Søholt,DK,10000,28580,inf,0.18486554289773396,25.15,0.27999999999999997,29.23,45.34,OK
318,Böblingen,DE,10000,14455,3081.302531945125,0.22808816594470557,25.03,0.74,11.09,63.13999999999999,OK
33,Rætebøl,DK,10113,50568,inf,0.17717900524443495,24.671215267477503,0.3065361415999209,34.64847226342332,40.373776327499264,OK
181,Ost,DE,14825,74125,3964.4270737476927,0.17797924195141898,24.44519392917369,0.33052276559865096,19.406408094435076,55.81787521079258,OK
554,Salamanca,ES,10000,16960,7399.461661643325,0.333747005969643,24.22,0.05,47.73,28.000000000000004,OK
109,Hannover,DE,13881,69405,3513.977613122288,0.2141981753456489,24.040054751098623,0.3674086881348606,22.390317700453856,53.202218860312655,OK
517,Aix-en-Provence,FR,10000,12953,3630.698732972082,0.17419626355337398,24.04,0.02,29.75,46.19,OK
71,Toruń,PL,10000,39495,3975.518229011479,0.15303094696515634,23.98,0.1,29.28,46.64,OK
553,Zaragoza,ES,10000,33853,12458.243708920345,0.2848059044899106,23.97,0.33,62.260000000000005,13.44,OK
183,Wrocław,PL,18235,91179,4925.947649726357,0.15915527588675107,23.88812722785851,0.21387441732931173,27.282698108033998,48.615300246778176,OK
424,Zagreb,HR,13769,68845,4964.279755246498,0.19342498567897026,23.8869925194277,0.4648122594233423,20.074079453845595,55.57411576730337,OK
74,Lüneburg,DE,10000,13588,2094.681322429543,0.174885976902259,23.7,0.09,8.85,67.36,OK
184,Antwerpen,BE,10000,41816,5297.460964334562,0.3082749529420818,23.68,0.33,33.68,42.309999999999995,OK
312,Mitte,DE,10000,19110,2467.48073475879,0.20104001008188577,23.54,1.28,12.61,62.57,OK
297,Böckingen,DE,10000,17299,3085.855505182012,0.2178071503594284,23.51,0.01,6.41,70.07,OK
92,Warszawa,PL,47847,239235,6822.7978073998465,0.1748555760594195,23.506175935795348,0.12957970196668547,46.14709386168412,30.217150500553846,OK
53,Olsztyn,PL,10000,19018,4531.18660858422,0.1518449884466635,23.47,0.27999999999999997,35.83,40.42,OK
195,Częstochowa,PL,10000,26830,3950.8514897119353,0.14142417976705804,23.44,0.08,23.76,52.72,OK
472,Avilés,ES,6493,6493,5539.749550411024,0.2338796499135873,23.25581395348837,0.6160480517480363,47.682119205298015,28.446018789465576,OK
69,Bydgoszcz,PL,10000,31518,5268.367948701523,0.1736287902564303,23.189999999999998,0.06999999999999999,20.169999999999998,56.57,OK
26,Partille,SE,17038,85193,3655.5678597745527,0.18216856495478906,23.15412607113511,0.31693860781781896,37.50440192510858,39.02453339593849,OK
35,Vallkärra by,SE,10000,21593,2950.439112114025,0.1783777684513285,23.14,0.16,30.959999999999997,45.739999999999995,OK
594,Torrejón de Ardoz,ES,7322,7322,8481.959156151579,0.26205672899320154,23.10844031685332,1.8027861240098333,34.40316853318765,40.685605025949194,OK
568,Maresme,ES,702,702,2755.0693260178837,0.3151449077259192,23.076923076923077,0.0,31.76638176638177,45.15669515669516,OK
465,Torino,IT,13009,65046,7478.32486385203,0.258038733774412,23.007148896917517,0.4996540856330233,41.70958567145822,34.78361134599124,OK
245,Kraków,PL,21523,107619,5398.761433294046,0.16037961571882797,22.998652604190866,0.12544719602285925,31.88681875203271,44.98908144775356,OK
343,Colmar-Ribeauvillé,FR,9495,9495,3119.087349842122,0.20947538427892864,22.927856766719326,0.1579778830963665,21.579778830963665,55.334386519220644,OK
522,Istres,FR,8692,8692,inf,0.16387907033803975,22.883110906580765,0.0,18.189139438564197,58.92774965485504,OK
346,Schwabing-Freimann,DE,31470,157354,5507.898716536139,0.2146536731437773,22.72958373053702,0.16841436288528758,17.499205592627902,59.60279631394979,OK
422,Clermont-Ferrand,FR,10000,27203,3444.3454257885373,0.22607080192902865,22.71,0.06,17.52,59.709999999999994,OK
1,,,10000,19948,2121.606486244281,0.1569089278215435,22.58,0.5599999999999999,29.409999999999997,47.449999999999996,OK
148,Bocholt,DE,10000,12326,2191.9079292005918,0.19092191053782276,22.49,0.11,3.7199999999999998,73.68,OK
416,Troian,RO,5542,5542,5984.380359991618,0.19514214906319768,22.28437387224829,0.05413208228076506,15.8065680259834,61.85492601948756,OK
566,Maresme,ES,5563,5563,10602.716562890047,0.44270525549056217,22.272155311882077,0.4314218946611541,64.53352507639762,12.76289771705914,OK
150,Schmellwitz,DE,10000,20320,2440.5395497715576,0.14900563609742315,22.17,0.0,14.149999999999999,63.68000000000001,OK
142,Radom,PL,10000,33338,3797.6165562631563,0.14656379242254394,22.03,0.04,20.49,57.440000000000005,OK
431,Lyon,FR,22134,110671,5862.576881903069,0.21619259345381125,22.01590313544773,0.12198427758200055,35.11340019878919,42.74871238818108,OK
168,Neustadt,DE,10000,28045,3477.257010792859,0.16508312984638582,21.93,0.08,23.34,54.65,OK
458,Pavia,IT,6737,6737,2996.123182577566,0.21853181198000712,21.84948790262728,0.1781208252931572,44.738013952797985,33.23437731928158,OK
302,Lappersdorf,DE,10000,22932,2979.898428699749,0.2014099261635937,21.43,0.26,13.77,64.53999999999999,OK
592,Molfetta,IT,4107,4107,51437.54524516192,0.31764327740598647,21.134648161675187,0.0,57.1463355247139,21.719016313610908,OK
66,Harburg,DE,6563,6563,3043.529206637471,0.16345285451101968,21.08791711107725,0.41139722687795216,5.881456650921835,72.61922901112297,OK
547,Valladolid,ES,10000,20222,7008.258409921668,0.2773553536260947,20.95,0.5700000000000001,66.96,11.52,OK
102,"Innenstadt, Frankfurt (Oder)",DE,9370,9370,2433.808540854235,0.14156617531192026,20.86446104589114,0.256136606189968,16.211312700106724,62.66808964781217,OK
185,Dunkerque,FR,10000,18719,inf,0.21348256857030218,20.84,0.19,19.46,59.51,OK
147,Lublin,PL,10000,48529,4666.33543239191,0.14459944279902737,20.54,0.2,36.919999999999995,42.34,OK
338,Neusäß,DE,10000,46720,4048.8743787357744,0.23258472540765404,20.51,0.15,8.27,71.07,OK
545,Gulpilhares e Valadares,PT,10000,11209,2269.070435932246,0.20419829981842652,20.41,0.01,13.239999999999998,66.34,OK
572,Barcelonès,ES,18843,94217,18393.81654175263,0.3905419387928172,20.384227564612853,0.23881547524279573,68.22692777158626,11.150029188558085,OK
538,Vila do Conde,PT,5552,5552,3077.8388426975193,0.26926033611814043,20.19092219020173,0.0,16.156340057636886,63.65273775216138,OK
395,Brăila,RO,6975,6975,6124.514232219282,0.29138781413696174,19.75627240143369,1.6200716845878136,39.68458781362007,38.93906810035842,OK
316,Rennes,FR,10000,36421,4090.730129999678,0.1957425736480856,19.689999999999998,0.13,33.97,46.21,OK
387,Focșani,RO,4160,4160,4293.709488733373,0.22302058964424548,19.51923076923077,0.0,1.4182692307692308,79.0625,OK
337,Mödling,AT,28311,141556,7418.477099379865,0.2585854223610832,19.46593196990569,0.24372152167002223,33.07195083183215,47.21839567659214,OK
165,Göttingen,DE,10000,24136,2907.1930134644954,0.2059274805393795,19.41,0.01,6.97,73.61,OK
8,Narva linn,EE,6363,6363,4854.884804292942,0.1342269061253228,19.40908376551941,0.07857928650007859,63.47634763476348,17.035989313217037,OK
178,Legnica,PL,9648,9648,4150.165830048341,0.15836827328685615,19.35116086235489,0.051824212271973466,14.282752902155888,66.31426202321725,OK
327,Satu Mare,RO,7083,7083,2227.70304166617,0.1918900617250598,19.32796837498235,0.028236622899901174,20.175067061979387,60.46872794013836,OK
244,Tychy,PL,10000,13831,5340.082794404448,0.1402194538478489,19.009999999999998,0.13999999999999999,26.58,54.269999999999996,OK
287,Altstadt,DE,10000,18893,3576.876147248979,0.22153718819119522,18.92,0.04,15.770000000000001,65.27,OK
129,Ede,NL,10000,15423,2839.7428867178774,0.21215802803487843,18.73,0.09,10.48,70.7,OK
128,Łódź,PL,19739,98695,5337.96084168641,0.15745746934747806,18.26333654187142,0.08612391711839505,36.01499569380414,45.63554384720604,OK
418,Trento,IT,10000,15319,2851.6531836995787,0.20432875549385127,18.09,0.24,18.15,63.519999999999996,OK
143,Chełm,PL,9985,9985,2664.140917538424,0.14763039176601905,18.02704056084126,0.010015022533800702,18.457686529794692,63.50525788683024,OK
425,Osijek,HR,8915,8915,3171.3196557884226,0.22374897049925568,17.99214806505889,0.2131239484015704,29.040942232192933,52.7537857543466,OK
494,Avignon,FR,10000,23075,2453.252269227083,0.20576974217170094,17.82,0.03,21.94,60.209999999999994,OK
95,Lelystad,NL,10000,16058,2971.7470824998145,0.1892776243207512,17.630000000000003,0.06,7.37,74.94,OK
563,Vallès Oriental,ES,6204,6204,6980.7878065608265,0.31721069640750776,17.488716956802065,0.0,47.53384912959381,34.97743391360413,OK
591,Andria,IT,6695,6695,7341.476860085566,0.4213897426547208,17.44585511575803,0.0,58.95444361463779,23.599701269604182,OK
459,Cremona,IT,6599,6599,3048.8482213697334,0.27984840631667157,17.42688286103955,0.5606910137899682,41.779057432944384,40.233368692226094,OK
152,Głogów,PL,6752,6752,4771.074649499418,0.13731186682870347,17.209715639810426,0.17772511848341233,22.304502369668246,60.308056872037916,OK
578,Foggia,IT,9089,9089,7452.37422491302,0.27245166492425815,17.075585873033337,0.0,73.08834855319617,9.836065573770492,OK
45,Słupsk,PL,10000,14265,4681.204068173542,0.16852011408250392,17.04,0.13,34.23,48.6,OK
470,Parma,IT,10000,16631,3764.425457358737,0.20592577213747956,17.02,0.52,24.04,58.42,OK
588,Cerignola,IT,4801,4801,5912.4179263574615,0.44659999319268234,16.913143095188502,0.02082899395959175,68.15246823578421,14.913559675067695,OK
158,Roosendaal,NL,10000,10827,2774.3978657017433,0.22012509801749003,16.79,0.12,11.95,71.14,OK
39,Klampenborg,DK,32432,162164,4590.211586643883,0.20924072057712909,16.742723236309818,0.277503700049334,37.4568327577701,45.52294030587075,OK
47,Elbląg,PL,10000,12133,4969.621604707143,0.15528053577332054,16.63,0.08,10.99,72.3,OK
279,Žilina,SK,10000,12361,4178.413718778108,0.16570394221949059,16.6,0.16,35.010000000000005,48.230000000000004,OK
597,Fuenlabrada,ES,4138,4138,11699.486669158496,0.20933325545970882,16.57805703238279,0.02416626389560174,42.315128081198644,41.08264862252296,OK
453,Milano,IT,44775,223875,5749.9284690052145,0.23801328781443207,16.56504745951982,0.3774427694025684,40.28364042434394,42.77386934673367,OK
28,Liepāja,LV,8470,8470,3014.456093530166,0.18579324070322953,16.03305785123967,0.3305785123966942,29.574970484061392,54.06139315230224,OK
163,Brackel,DE,6516,6516,2131.2677858585225,0.14802218863144215,16.006752608962554,0.16881522406384286,2.7624309392265194,81.06200122774709,OK
564,Vallès Occidental,ES,10000,13048,9726.516631510325,0.3846059928477022,15.950000000000001,0.02,69.24,14.790000000000001,OK
37,Vilnius,LT,13119,65596,5421.178011354462,0.16404767870809145,15.915847244454609,0.3201463526183398,55.819803338669104,27.944203064257945,OK
427,Târgu Jiu,RO,4506,4506,3809.4906828800604,0.18984279578184016,15.912117177097205,0.0,14.203284509542833,69.88459831335997,OK
125,Magdeburg,DE,10000,32344,3037.2152713402256,0.18193640114688742,15.85,0.27999999999999997,25.27,58.599999999999994,OK
358,Tours,FR,10000,39302,3379.538066851375,0.1968489440509003,15.49,0.11,19.74,64.66,OK
342,Debrecen,HU,10000,18182,3501.0724807096776,0.15381367836405987,15.409999999999998,0.59,28.849999999999998,55.15,OK
180,Kielce,PL,10000,30597,4456.911516452274,0.15537820349115722,15.310000000000002,0.06,27.61,57.02,OK
78,Inowrocław,PL,6712,6712,3584.199678828351,0.15173395547591512,15.211561382598331,0.0,24.53814064362336,60.25029797377831,OK
278,Uttenreuth (VGem),DE,10000,20307,2703.69373674105,0.20567266735350806,15.110000000000001,0.09,8.17,76.63,OK
401,Klagenfurt,AT,10000,15784,2468.0979925221377,0.18035639330338515,15.040000000000001,0.01,11.84,73.11,OK
300,České Budějovice,CZ,10000,14744,3406.8525634816733,0.1943327916947299,14.940000000000001,0.1,13.91,71.05,OK
575,Baix Llobregat,ES,6307,6307,5991.88527856711,0.27112197803430754,14.872364039955604,1.6013952750911684,72.64943713334391,10.876803551609324,OK
527,Iruñerria / Comarca de Pamplona,ES,10000,22801,8036.367781558162,0.28475371136570027,14.74,0.16,74.35000000000001,10.75,OK
446,Novara,IT,8747,8747,3711.292316440381,0.2432301313829936,14.725048588087345,0.6402195038298846,48.953927060706526,35.680804847376244,OK
54,Ortsbeirat 6 : Evershagen,DE,10000,12455,3419.858817448883,0.13583831370188065,14.6,0.35000000000000003,45.57,39.48,OK
529,Burgos,ES,10000,19319,6484.982919861228,0.26348191086776035,14.49,0.43,63.71,21.37,OK
270,Darmstadt-Nord,DE,10000,17233,3773.500368240071,0.22619017905212246,14.38,0.02,18.47,67.13,OK
587,Bisceglie,IT,3866,3866,8534.59627863958,0.265347795355553,14.071391619244697,0.0,51.474392136575275,34.45421624418003,OK
516,Gasteizko kuadrilla / Cuadrilla de Vitoria,ES,10000,20515,8577.221375120253,0.23118209373795964,13.900000000000002,0.67,60.91,24.52,OK
238,Tarnów,PL,10000,12583,3772.914559018019,0.14671538431690778,13.56,0.0,14.729999999999999,71.71,OK
38,Malmö,SE,10000,39839,4598.724868493574,0.19021200236173813,13.389999999999999,0.51,43.769999999999996,42.33,OK
189,Calais,FR,9729,9729,inf,0.21880361458712205,13.331277623599547,0.08222838935142358,20.166512488436634,66.41998149861239,OK
449,Venezia,IT,7096,7096,8982.478074373063,0.47182821389312934,13.134160090191656,0.16910935738444194,79.93235625704622,6.764374295377677,OK
19,Venan,SE,10000,24468,2621.585931524015,0.15204133057262317,13.120000000000001,0.1,31.25,55.53,OK
531,Logroño,ES,9729,9729,8436.85568615654,0.2749129832849253,12.601500668105665,1.0998047075752904,73.58412992085518,12.714564703463871,OK
73,Leeuwarden,NL,10000,17431,3106.7911687804485,0.25746441474939347,11.959999999999999,0.11,21.32,66.61,OK
104,Wolfsburg,DE,10000,18351,1926.1631170390679,0.176283703776716,11.93,0.88,28.68,58.51,OK
306,Ludwigsburg,DE,10000,18868,3231.9863537604165,0.20203294852393527,11.73,0.12,7.21,80.94,OK
596,Bari,IT,10000,18394,9620.970126861188,0.2615596020029273,10.72,0.16,62.83,26.290000000000003,OK
595,Coslada,ES,10000,10371,8086.677019985835,0.25700891634152884,10.05,0.5599999999999999,51.949999999999996,37.44,OK
512,Split,HR,10000,12030,7092.868278821088,0.1969756334372233,9.69,0.1,18.77,71.44,OK
582,Barletta,IT,4645,4645,17445.399105797853,0.33969121195763574,9.644779332615716,0.0,74.83315392895587,15.522066738428416,OK
322,Nyíregyháza,HU,9015,9015,3208.913139279243,0.1888208630451261,8.718801996672212,0.0,18.158624514697728,73.12257348863007,OK
485,Santander,ES,10000,14651,7490.128354784014,0.2433416009573145,8.04,0.16999999999999998,48.26,43.53,OK
511,Tarbes,FR,10000,11138,2188.1392759166397,0.20454763457503886,5.01,0.0,24.4,70.59,OK
145,Ostrów Wielkopolski,PL,9659,9659,2648.398426795269,0.15827157817368695,4.255098871518791,0.1552955792525106,4.731338647893157,90.85826690133554,OK
151,Piotrków Trybunalski,PL,9468,9468,3536.696882622186,0.14759366935053178,3.031263202365864,0.010561892691170258,17.120828052386987,79.83734685255598,OK
